label_class,text,randnum
量刑标准,串通投标罪判刑多少年,7.35791E-05
量刑标准,非法出借枪支罪既遂怎么定罪处罚?,0.00011295
其它,您好，请问诈骗320元构成犯罪吗,0.000204161
量刑标准,盗掘古人类化石罪刑法的量刑标准?,0.000241933
量刑标准,变造国家机关证件罪既遂量刑处罚?,0.001523381
量刑标准,非法运输制毒物品罪法院会判多久?,0.001660384
其它,刑满释放不去报道行吗,0.001835235
特征,盗掘古文化遗址罪的四要件是哪些?,0.002061785
法律条文,"二次醉酒驾驶怎么处理,怎么规定的",0.00254956
量刑标准,逃避商检罪如何量刑?,0.004325653
法律条文,徇私舞弊假释罪刑事责任如何追究?,0.00439426
特征,您好过失损坏易燃易爆设备罪有什么特征,0.004589984
概念,能否告知非法出售用于骗取出口退税、抵扣税款发票罪的概念,0.005017028
其它,请问吸毒是不是违法的,0.005617524
特征,盗掘古人类化石罪的犯罪构成要件?,0.005738977
量刑标准,一般违规制造枪支罪是怎么处罚的?,0.006141704
其它,经济犯罪的特征有哪些,0.006765331
量刑标准,拒不执行判决、裁定罪会判得重吗?,0.007212547
量刑标准,犯了变造身份证件罪怎么量刑处罚?,0.007559643
法律条文,开设赌场罪会被判刑吗,0.007565006
其它,刑事案件口供可以改吗,0.008132445
法律条文,什么标准下拒不执行裁定罪才立案?,0.008139861
从属,枉法仲裁罪属于什么罪,0.008419849
量刑标准,醉驾自己受伤怎么服刑,0.00858945
量刑标准,非法买卖警用装备罪既遂怎么判刑?,0.00863678
量刑标准,你好消防责任事故罪的量刑是什么,0.009361138
量刑标准,虚报注册资本罪既遂处罚标准细分?,0.00942491
量刑标准,问一下做兼职不小心涉及诈骗如何判,0.010314456
量刑标准,构成拒不执行裁定罪既遂怎么处罚?,0.010403757
其它,醉驾出交通事故怎么办,0.01159071
量刑标准,"走私淫秽物品如何处罚,有哪些规定",0.011832369
法律条文,"合同纠纷会不会被判刑,怎么规定的",0.01232217
其它,被骗了注册公司怎么办,0.012672539
量刑标准,毁灭国家机关印章罪既遂如何处罚?,0.012907729
概念,你好怎样解释操纵证券、期货市场罪的概念是什么,0.014418744
特征,您好煽动分裂国家罪的要件是什么,0.015086078
法律条文,冒昧问一下脱逃罪有哪些法律规定,0.015258591
量刑标准,构成走私制毒物品罪既遂怎么量刑?,0.015720349
量刑标准,合伙销售公民信息罪既遂怎么量刑?,0.01648528
法律条文,河北省敲诈罪立案标准,0.016824342
从属,请问战时拒绝、逃避服役罪是哪种类型的罪名,0.01824407
量刑标准,请问侮辱国旗、国徽罪判多长时间,0.018675997
量刑标准,非法私藏弹药罪既遂最多判多少年?,0.018698659
量刑标准,你好请问非法采砂300万判多少年,0.018714746
其它,自首立功能减刑多少年,0.019224622
特征,"扰乱单位秩序罪的认定,有哪些规定",0.019269975
量刑标准,亲戚犯扒窃罪怎么处理,0.020196923
特征,请问内幕交易、泄露内幕信息罪的要件是什么,0.021205259
特征,强迫劳动罪的四个构成要件是什么?,0.021436649
量刑标准,非法买卖土地使用罪既遂怎么量刑?,0.021951574
法律条文,编造、故意传播虚假恐怖信息罪有哪些法条,0.023898791
量刑标准,中国刑法引诱卖淫罪既遂怎么量刑?,0.023957387
其它,盗窃未遂派出所会管吗,0.024448647
特征,您好破坏军婚罪的特征是什么,0.024567608
法律条文,中国刑法销售有毒食品罪怎么立案?,0.024703658
特征,为境外收买国家秘密罪的构成条件?,0.025080289
量刑标准,构成非法制造危险物质罪怎么量刑?,0.025499863
从属,问一下伪证罪是哪种犯罪类型,0.026481861
其它,死刑复核中有改判的吗,0.026559105
特征,容留他人吸毒罪的犯罪构成有哪些?,0.026617868
特征,生产假药罪的四个构成要件是什么?,0.027157674
法律条文,请问一下网络诈骗的法律规定有什么,0.027548998
量刑标准,操纵证券市场罪既遂法院怎么量刑?,0.028244161
其它,判缓刑外出打工担保人,0.028408024
量刑标准,犯了过失损坏电力设备罪怎么处罚?,0.030207504
量刑标准,法院对销售侵权复制品罪如何裁判?,0.032147218
量刑标准,隐匿财务会计报告罪既遂如何判刑?,0.032298429
量刑标准,涉嫌生产销售劣药罪既遂量刑处罚?,0.032600494
法律条文,骗取出口退税罪的刑事责任是什么?,0.032844784
量刑标准,遗弃武器装备罪既遂怎么处罚量刑?,0.033069005
量刑标准,未成年故意伤害罪量刑标准是怎样的,0.033301631
概念,解释解释盗窃罪的概念,0.03349826
量刑标准,失职造成珍贵文物损毁罪如何处罚?,0.033870831
法律条文,网上寻衅滋事行为的法律依据是什么,0.034208493
其它,定罪免处的条件是什么,0.034962211
其它,非法变卖财产认定条件,0.035164434
其它,误入配资骗局需要帮忙,0.035181274
量刑标准,侵犯人身权利罪判几年,0.035622877
其它,非法改装挂车后果如何,0.035905407
量刑标准,冒昧问一下徇私舞弊发售发票、抵扣税款、出口退税罪的量刑标准是什么,0.036619809
法律条文,盗窃河南省的立案标准,0.036838234
特征,您好非法制造、出售非法制造的用于骗取出口退税、抵扣税款发票罪有什么特征,0.037171784
特征,打扰问一下嫖宿幼女罪的要件是什么,0.037197949
特征,非法吸收公众存款罪有哪些特征,0.037288174
概念,请问解释一下投降罪定义,0.037665884
特征,构成执行裁定失职罪的条件有哪些?,0.037862229
特征,破坏性采矿罪的构成四要件有哪些?,0.038067892
量刑标准,非法经营罪量刑？,0.0381887
法律条文,投放危险物质罪刑事责任如何追究?,0.038497441
法律条文,构成生产有毒食品罪会怎么追究责任,0.039311338
其它,"交通肇事罪在哪里拘留,怎么规定的",0.039492547
量刑标准,非法批准征用土地罪会判多长时间?,0.040013901
从属,冒昧问一下非法生产、销售间谍专用器材罪是哪种类型的罪名,0.040206748
量刑标准,抢夺危险物质罪既遂量刑标准细分?,0.04025436
量刑标准,"金融犯罪判几年,法律是如何规定的",0.040399348
特征,"变造货币罪构成要件?,有哪些规定",0.040700678
量刑标准,中国对生产劣药罪既遂的量刑标准?,0.040992239
法律条文,行贿罪立案标准是什么,0.041712212
量刑标准,组织、领导传销活动罪具体量刑标准,0.042076616
概念,您好可以介绍非法低价出让国有土地使用权罪介绍,0.042474334
量刑标准,交通事故顶罪者怎么判,0.043089442
量刑标准,包庇毒品犯罪分子罪既遂怎么处罚?,0.043323046
量刑标准,脏款2万，本人取得一半，判多少年,0.044526465
量刑标准,"虚假破产罪量刑规定?,怎么规定的",0.04634525
法律条文,您好抢夺罪有什么法律依据,0.046880015
特征,构成强制猥亵罪需要满足什么条件?,0.047333987
量刑标准,招摇撞骗罪定刑标准?,0.04833712
其它,听证大会醉驾犯罪嫌疑人一般说什么,0.048592328
其它,未成年人和成年男友开房会被查房吗,0.048844443
法律条文,构成销售假药罪既遂会怎么追究责任,0.04893136
量刑标准,犯了遗弃武器装备罪既遂怎么处罚?,0.049139147
量刑标准,请问一下关于缓刑解除后还受限制吗,0.049648615
量刑标准,一般出售假币罪既遂是怎么量刑的?,0.04983911
法律条文,打扰问一下非法制造、出售非法制造的发票罪有哪些法条,0.050306315
法律条文,福建龙岩诈骗立案标准,0.05047607
量刑标准,"虚假广告罪如何判刑?,有哪些规定",0.050512414
特征,"诈骗罪法怎么认定,法律怎么规定的",0.051339211
量刑标准,广东诈骗金额量刑标准,0.051450208
量刑标准,合伙敲诈勒索怎样判刑,0.0519401
量刑标准,徇私舞弊抵扣税款罪会判多长时间?,0.052640201
量刑标准,"私藏枪支判判多久,法律怎么规定的",0.052741341
其它,应该怎样执行假释刑罚,0.053043879
量刑标准,盗窃枪支罪量刑标准是如何规定的?,0.053336652
其它,卖自己的银行卡犯法吗,0.053627173
量刑标准,强制猥亵罪怎么处罚?,0.054487461
其它,任意共同犯罪包括哪些,0.056312282
概念,挪用公款是行为犯罪吗,0.056546853
从属,请问引诱幼女卖淫罪的上级罪名是什么,0.056585867
量刑标准,中国对伪造企业债券罪的判刑标准?,0.057021678
其它,对方恶意对我注射药物,0.057341795
其它,"行贿受贿多少构成犯罪,有哪些规定",0.058531912
量刑标准,徇私舞弊不征税款罪既遂怎么量刑?,0.058756815
法律条文,请教一下非法持有毒品罪有哪些法条,0.059111059
量刑标准,团伙诈骗会没收财产吗,0.060067488
量刑标准,招摇撞骗罪判刑标准?,0.061177852
法律条文,我国刑法对销售假药罪的立案规定?,0.062617761
其它,假释和监外执行的区别,0.062979924
概念,解释一下非法持有、私藏枪支、弹药罪有什么定义？,0.06311043
量刑标准,你好，我想问一下强奸少妇怎样量刑,0.063553839
量刑标准,领导恐怖组织罪既遂法院怎么量刑?,0.063573527
量刑标准,强奸罪是怎样量刑的呢,0.063828032
量刑标准,中国新刑法过失致人重伤罪判几年?,0.063971423
量刑标准,伪造企业债券罪既遂法院会判多久?,0.064155404
法律条文,盗窃罪法条条律有哪些,0.06475983
量刑标准,入室盗窃罪量刑标准是如何规定的?,0.065069609
法律条文,什么标准下违规制造枪支罪才立案?,0.06603028
其它,受伤害经过简述怎么写,0.066403584
其它,缓刑期间还能判缓刑吗,0.066503576
特征,怎么样才会构成生产、销售劣药罪?,0.067343075
法律条文,引诱未成年人聚众淫乱罪立案标准?,0.067872867
量刑标准,犯了盗掘古墓罪既遂怎么量刑处罚?,0.067899949
其它,判处拘役能保外就医吗,0.067977623
概念,打扰问一下能否介绍一下教育设施重大安全事故罪的意思,0.068171434
其它,打伤人算故意杀人罪吗,0.068440609
量刑标准,为境外收买国家秘密罪既遂的处罚?,0.068467015
量刑标准,根据刑法规定挪用公款罪会判多久?,0.068803309
其它,"枪走火杀人有罪吗,具体规定有哪些",0.068964163
特征,采集血液事故罪需要哪些构成要件?,0.069243303
法律条文,山西省盗窃罪立案标准,0.070164938
概念,你好，麻烦问一下解释一下聚众冲击国家机关罪是啥？,0.070378213
其它,交通肇事罪三种不起诉,0.070431068
概念,冒昧问一下怎样解释非法使用窃听、窃照专用器材罪的概念,0.070634399
特征,铁路运营安全事故罪的主体与客体?,0.071461706
量刑标准,放火罪既遂如何处罚?,0.072127576
量刑标准,传播淫秽视频怎么处罚,0.072295007
量刑标准,背信运用受托财产罪法院会判多久?,0.072587564
概念,请问解释一下非法低价出让国有土地使用权罪是啥？,0.072915449
量刑标准,酒驾撞死人是怎样处罚,0.073284778
特征,您好暴力干涉婚姻自由罪的特征是什么,0.073410572
其它,醉酒驾车是过失犯罪吗,0.073643397
特征,逃避商检罪的四个构成要件是什么?,0.074771025
量刑标准,网络诈骗公司进行诈骗应该如何处罚,0.07478498
量刑标准,刑法对走私制毒物品罪的定罪标准?,0.075233383
量刑标准,犯罪嫌疑人电信诈骗被逮捕如何判刑,0.075306198
量刑标准,构成窝藏罪怎么量刑?,0.075712103
从属,抢劫枪支、弹药、爆炸物、危险物质罪属于哪类罪名,0.075759258
概念,不举报亲人犯包庇罪吗,0.075811742
量刑标准,非法携带爆炸物参加集会罪怎样判刑,0.076531915
量刑标准,诉讼代理人毁灭证据罪既遂怎么量刑,0.076606798
特征,问一下非法收购、运输盗伐、滥伐的林木罪有哪些特征,0.076995673
量刑标准,构成铁路运营安全事故罪怎么判刑?,0.077357223
量刑标准,招摇撞骗罪处罚标准是如何规定的?,0.07742171
其它,无期徒刑能保外就医吗,0.077646569
量刑标准,"盗窃罪自首怎么量刑的,有哪些规定",0.078445711
其它,"吸毒要坐牢吗？,法律的规定是什么",0.078895821
量刑标准,"抢银行怎么判刑,法律上有哪些规定",0.081747949
其它,监外执行能否折抵刑期,0.082259658
量刑标准,"串通投标罪量刑幅度?,怎么规定的",0.082546396
量刑标准,构成徇私舞弊少征税款罪怎么量刑?,0.082794453
量刑标准,"无意打碎文物会坐牢吗,怎么规定的",0.083937565
法律条文,请问动植物检疫徇私舞弊罪对应的法律依据有哪些,0.085554255
其它,"山上放火犯法吗,法律的规定是什么",0.086515262
其它,量刑的一般原则指什么,0.086810949
量刑标准,刑事妨害动物防疫罪怎么量刑处罚?,0.08778043
量刑标准,构成销售伪劣化肥罪既遂怎么处罚?,0.087902239
量刑标准,入室盗窃罪处罚标准是如何规定的?,0.090413589
其它,看守所探视时间是几点,0.090684221
法律条文,您好暴动越狱罪有什么法律依据,0.090795224
法律条文,故意毁坏财物罪中数额的确定具体是,0.09144488
从属,分裂国家罪属于什么罪,0.092002149
量刑标准,洗钱罪既遂如何量刑?,0.092254605
法律条文,山西省盗窃案立案标准,0.092394442
从属,冒昧问一下伪证罪属于哪类罪名,0.092508508
量刑标准,寻衅滋事轻微伤怎么判,0.092976784
法律条文,侵占罪吉林省立案标准,0.093598641
量刑标准,寻衅滋事会全部抓完吗,0.095145351
特征,"哪些行为会触犯盗窃罪,有哪些规定",0.095186152
量刑标准,敲诈勒索罪怎么处罚?,0.095667786
特征,决水罪的特征是什么,0.095687455
其它,微信被骗，怎么追回钱,0.09635059
量刑标准,抢夺国家机关公文罪会判多长时间?,0.09642354
量刑标准,票据诈骗罪判刑标准是如何规定的?,0.096789345
量刑标准,"伪造遗嘱判几年,法律是如何规定的",0.097454097
量刑标准,走私制毒物品罪的处罚标准是什么?,0.097883501
其它,无期徒刑关在什么地方,0.098352745
量刑标准,虚开抵扣税款发票罪处罚标准细分?,0.098454774
特征,生产伪劣种子罪构成要件具体规定?,0.099480299
其它,我开网店被骗1760,0.099699758
量刑标准,非法持有毒品罪既遂怎么定罪处罚?,0.100734214
量刑标准,"莆田醉驾怎么判,法律的规定是什么",0.101755348
特征,怎么样才构成变造国家机关印章罪?,0.102034943
从属,分裂国家罪属于什么罪,0.102482902
量刑标准,犯了非法买卖警用装备罪怎么判刑?,0.10287321
量刑标准,阻碍解救被绑架妇女罪的定罪量刑?,0.103030923
其它,刑事级别管辖什么意思,0.103440063
法律条文,黑龙江盗窃案立案标准,0.104074419
其它,聚众斗殴怎么才能缓刑,0.104282387
特征,团伙生产假药罪的犯罪构成有哪些?,0.104672239
其它,"轻伤刑事拘留多久,法律怎么规定的",0.104676772
量刑标准,容留他人吸毒量刑标准,0.104701578
量刑标准,构成销售伪劣农药罪既遂怎么判刑?,0.105367013
从属,请教一下阻碍军人执行职务罪属于哪种罪名,0.105634156
其它,软禁他人属于什么罪呢,0.105838788
特征,你好阻碍军人执行职务罪的四要件是什么,0.10602317
法律条文,最新挪用资金数额标准,0.106701361
法律条文,伙同诈骗罪的立案标准,0.106867487
量刑标准,故意杀人罪致死怎么判,0.108273579
法律条文,虚开抵扣税款发票罪最新立案标准?,0.108391464
法律条文,"抢劫立案需要什么证据,有哪些规定",0.108544374
其它,刑拘了一定会被判刑吗,0.108564713
其它,我妈妈有个朋友威胁她,0.108631255
法律条文,"诈骗罪报案后多久立案,怎么规定的",0.109408629
量刑标准,刑法对操纵证券市场罪的定罪标准?,0.110097045
其它,拐卖妇女是故意犯罪吗,0.11151236
其它,银行卡被他人使用洗钱,0.11170696
量刑标准,我国刑法对强迫交易罪的处罚规定?,0.112522134
量刑标准,贩毒达到多少会判死缓,0.112837775
量刑标准,包庇毒品犯罪分子罪既遂怎么量刑?,0.112846946
特征,过失泄露国家秘密罪的构成四要素?,0.114492424
量刑标准,法院对非法征用土地罪的裁量标准?,0.115049107
其它,职务犯罪都有哪些类型,0.117078121
从属,拒不执行判决、裁定罪属于哪类罪名,0.117092289
量刑标准,"醉驾逃逸怎么处罚,法律怎么规定的",0.117603011
其它,贿赂偷税构成什么罪名,0.118383847
量刑标准,"伪证罪怎么处罚,法律是如何规定的",0.118496245
量刑标准,武装叛乱、暴乱罪既遂一般判几年?,0.11959891
量刑标准,"贩毒7克会判多久,具体规定有哪些",0.119643175
从属,非法买卖制毒物品罪是哪个类别的罪名,0.119888904
法律条文,"诽谤罪的诉讼时效,具体规定有哪些",0.12019099
特征,"怎么样才算构成诈骗罪,怎么规定的",0.120214567
法律条文,冒昧问一下聚众阻碍解救被收买的妇女、儿童罪有哪些刑法条文,0.12064399
法律条文,帮信罪具体规定有哪些,0.120864575
量刑标准,非法供应血液事故罪既遂如何判刑?,0.121303099
从属,你好，麻烦问一下遗弃伤病军人罪是什么类型的罪名,0.121730493
量刑标准,中国对非法制造枪支罪的判刑标准?,0.122057514
其它,遭遇网络诈骗怎么办？,0.122440262
法律条文,你好关于敲诈勒索罪的立案标准规定,0.12285448
特征,非法采矿罪如何认定,0.123327519
特征,侵犯通信自由罪的犯罪构成是什么?,0.123747271
特征,"猥亵儿童罪构成要件?,有哪些规定",0.124264196
特征,投放危险物质罪的构成要件是什么?,0.124762084
量刑标准,交通肇事致死如何判刑,0.124971625
量刑标准,"医务人员受贿如何处罚,怎么规定的",0.125137254
量刑标准,持有、使用假币罪既遂怎样定罪处罚,0.125183681
量刑标准,包庇罪既遂的最新处罚标准是什么?,0.127078984
特征,抢夺国家机关证件罪的构成四要素?,0.127310962
概念,解释解释聚众冲击国家机关罪定义的意思,0.127555465
从属,问一下非法批准征用、占用土地罪是哪种犯罪类型,0.127829541
特征,徇私舞弊减刑、假释、暂予监外执行罪有哪些特征,0.128479767
法律条文,聚众斗殴喊人的需要负哪些法律责任,0.129058576
量刑标准,刑事走私贵重金属罪怎么量刑处罚?,0.129346491
从属,非法向外国人出售、赠送珍贵文物罪是哪种犯罪类型,0.129549091
法律条文,介绍诈骗罪的立案标准,0.12983843
概念,请问能否告知枉法仲裁罪是什么意思？,0.130098051
量刑标准,法院对交通肇事罪量刑的具体标准?,0.130413685
概念,可以问一下打击报复证人罪是啥意思,0.130972504
量刑标准,诽谤罪导致他人失业法院会怎么判刑,0.131997557
特征,为境外非法提供情报罪由哪些构成?,0.132170688
特征,故意伤害罪的认定标准是怎么规定的,0.132448588
量刑标准,交通肇事致死怎么处罚,0.132490957
量刑标准,利用邪教组织致人重伤罪如何判刑?,0.13361172
量刑标准,危险驾驶罪有什么后果,0.133783402
量刑标准,刑法的贪污罪怎么处罚,0.133938522
其它,怎样预防税务犯罪洗钱,0.134050018
量刑标准,吸收客户资金不入账罪能判多少年?,0.134172114
量刑标准,非法制造危险物质罪既遂处罚规定?,0.13465862
特征,怎么样才构成非法进行节育手术罪?,0.134756036
其它,网络输钱了，能退款吗,0.136531738
量刑标准,酒驾和醉驾的处罚区别,0.136883112
量刑标准,为境外剌探情报罪既遂法院如何判?,0.13713657
特征,你好，麻烦问一下冒充军人招摇撞骗罪有哪些特征,0.137367297
法律条文,协助组织卖淫罪有什么法条,0.137754907
量刑标准,开车撞伤人逃逸怎么判,0.138043807
其它,故意杀人未遂有赔偿吗,0.138051524
从属,问一下制作、复制、出版、贩卖、传播淫秽物品牟利罪属于什么犯罪类型,0.138054291
法律条文,抢夺枪支罪既遂刑事责任如何追究?,0.138197271
概念,您好想了解危险物品肇事罪的概念,0.138340178
其它,拘役期限已到不同意取保候审怎么办,0.139523198
法律条文,非法集会罪立案标准?,0.140560034
量刑标准,帮助犯罪分子逃避处罚罪判刑规定?,0.140587511
法律条文,你好虐待部属罪的相关法律规定是什么,0.140776811
特征,诉讼代理人毁灭证据罪怎么构成的?,0.142741085
法律条文,陕西诈骗罪的立案标准,0.142847071
其它,盗窃天然气拘留多少天,0.143179042
其它,多少数额在职务侵占罪构成数额巨大,0.143522477
量刑标准,我国刑法对危险驾驶罪的量刑规定?,0.144840112
法律条文,盗窃枪支罪可以追究什么刑事责任?,0.144905114
量刑标准,刑法对拒不执行判决罪的定罪标准?,0.145227027
量刑标准,转让金融机构批准文件罪怎么量刑?,0.145539018
其它,取保候审在全国通用吗,0.145622399
量刑标准,虐待罪既遂判刑标准?,0.146252596
从属,你好，麻烦问一下徇私舞弊减刑、假释、暂予监外执行罪是什么类别,0.146405034
概念,请问如何理解过失提供不合格武器装备、军事设施罪的概念,0.146605625
量刑标准,毒驾撞死两人怎么判刑,0.146609554
法律条文,诈骗罪浙江省立案标准,0.146682371
量刑标准,非法吸收公众存款罪业务员如何定罪,0.146829806
法律条文,冒昧问一下失火罪有什么法条,0.146956922
量刑标准,你好，麻烦问一下组织、领导、参加黑社会性质组织罪怎么判刑,0.147041725
量刑标准,我想咨询一下把人打流产了怎么判刑,0.147070625
法律条文,请教一下脱逃罪的法律依据是什么,0.148949234
量刑标准,盗窃罪20万会判多久,0.149108403
法律条文,容留卖淫罪既遂的刑事责任是什么?,0.151545414
其它,银行卡涉嫌网络赌博被冻结怎么解冻,0.151941318
法律条文,山东抢夺罪的立案标准,0.152165286
其它,未成年买了彩票怎么办,0.152314561
量刑标准,"刑事案件私了注意事项,怎么规定的",0.152757813
法律条文,"如何区分醉驾酒驾,具体规定有哪些",0.153884941
量刑标准,刑事肇事逃逸怎么处罚,0.154405481
其它,交通事故骗保怎么取证,0.15476447
其它,你好，问一下非法培训机构怎么处罚,0.155124901
法律条文,"职务犯罪风险包括什么,怎么规定的",0.155280476
量刑标准,危险物品肇事罪怎么判,0.156040142
其它,嫖娼未遂被诈骗钱财了,0.158316749
量刑标准,"保险诈骗怎么判刑,具体规定有哪些",0.158360568
量刑标准,一般打击报复证人罪是怎么判刑的?,0.158862851
其它,抗诉书是给同级法院吗,0.158918777
概念,您好解释一下过失致人重伤罪的概念,0.159011841
其它,从犯抢劫自首怎么判刑,0.159300828
量刑标准,我国刑法对盗窃弹药罪的处罚规定?,0.159394716
量刑标准,诈骗公司员工如何定罪,0.159457648
从属,请教一下武装叛乱、暴乱罪的一级罪名是,0.160348133
量刑标准,侵犯公民个人信息罪既遂量刑处罚?,0.160966661
从属,过失提供不合格武器装备、军事设施罪属于什么罪,0.161040334
法律条文,打扰问一下擅自出卖、转让军队房地产罪对应的法律规定有哪些,0.161220543
量刑标准,引发森林火灾如何处罚,0.161590124
从属,请教一下非法向外国人出售、赠送珍贵文物罪是哪种犯罪类型,0.161591198
法律条文,抢劫案如何才可以立案,0.161977481
其它,故意伤害能否进行自诉,0.162578724
其它,刑事案件请律师多少钱,0.163076972
量刑标准,请教一下贪污罪的刑期是多久,0.16390124
量刑标准,国有企业人员失职罪会判多长时间?,0.164258952
其它,刑事案件法院受理后要审查哪些内容,0.164639292
其它,车祸致人死亡会判刑吗,0.164791642
其它,杀人未遂算暴力犯罪吗,0.165270734
量刑标准,串通损害商业声誉罪既遂量刑幅度?,0.165316934
量刑标准,请教一下扰乱无线电通讯管理秩序罪怎么判刑,0.165322775
其它,"行为犯和结果犯的区别,有哪些规定",0.166497983
法律条文,你好，麻烦问一下战时造谣扰乱军心罪的相关法律规定是什么,0.167304393
特征,请教一下组织播放淫秽音像制品罪的四要件是什么,0.168352743
法律条文,冒昧问一下开设赌场罪有什么刑法条文,0.168660893
量刑标准,中国刑法非法拘禁罪既遂怎么量刑?,0.168868515
量刑标准,盗窃国家机关公文罪既遂处罚规定?,0.169154027
量刑标准,"索债型非法拘禁判几年,怎么规定的",0.169220842
特征,哪些要求会构成伪造人民团体印章罪,0.169265652
法律条文,非法集会、游行、示威罪有哪些法律规定,0.16945702
从属,教育设施重大安全事故罪是哪种犯罪类型,0.169752844
概念,你好解释一下执行判决、裁定失职罪定义,0.169885932
概念,法律上什么是票据犯罪,0.170271811
其它,卖淫组织者是指什么？,0.170633312
法律条文,传染病菌种、毒种扩散罪立案标准?,0.171060101
其它,抢方向可以适用缓刑吗,0.171063989
量刑标准,战时残害居民罪量刑最新法律规定?,0.171098527
量刑标准,预备强奸却临时改行抢劫该如何定罪,0.172011798
特征,"诽谤罪构成条件有哪些,怎么规定的",0.17222029
量刑标准,内幕交易罪量刑处罚?,0.172424544
法律条文,资助恐怖活动罪有哪些法律依据,0.172470276
其它,砸车玻璃盗窃怎样判刑,0.172479759
量刑标准,非法经营罪当事人死亡会判决处罚吗,0.172983587
量刑标准,聚众冲击国家机关罪具体量刑标准?,0.173410174
量刑标准,"酒后交通肇事怎么量刑,有哪些规定",0.174040737
其它,"基准刑是什么意思,具体规定有哪些",0.175954876
量刑标准,妨害动植物防疫、检疫罪量刑规定?,0.177198856
其它,您好，我问一下认罪认罚会上法院吗,0.177797131
量刑标准,偷窃罪既遂量刑幅度?,0.177818218
概念,你好能否告知劫持航空器罪是啥？,0.178727354
其它,刑事拘留委托律师可以见到当事人吗,0.181220402
其它,主动供述自己的罪行应符合哪些情况,0.181238643
其它,被勒索多少钱可以报警,0.182487366
其它,判缓人员可以坐飞机吗,0.182816634
其它,微信组织赌博怎么举报,0.182943507
概念,"哪些行为属于寻衅滋事,有哪些规定",0.184304272
量刑标准,金融工作人员购买假币罪量刑标准?,0.184478372
特征,传授犯罪方法罪的特征是什么,0.184632285
量刑标准,性侵被拐卖妇女怎么判刑以及判几年,0.184736996
从属,你好，麻烦问一下徇私枉法罪是哪个类别的罪名,0.184947902
量刑标准,伪造公司债券罪既遂量刑标准细分?,0.185332024
概念,冒昧问一下解释一下假冒专利罪是啥？,0.185787449
量刑标准,绑架罪既遂判刑规定?,0.185914214
量刑标准,破坏广播电视设施罪具体量刑标准?,0.187905686
其它,共同犯罪主犯怎样量刑,0.188535267
量刑标准,非法批准征收土地罪既遂量刑规定?,0.188703334
法律条文,销售假药多少金额定罪,0.189586676
量刑标准,非法持枪罪的量刑标准具体是怎样的,0.19009353
特征,变造股票债券罪需要哪些犯罪构成?,0.190286605
从属,问一下招收公务员、学生徇私舞弊罪是什么类型的罪名,0.19097215
量刑标准,"入室盗窃如何判刑,具体规定有哪些",0.191783736
量刑标准,中国对污染环境罪既遂的量刑标准?,0.192193471
概念,你好，麻烦问一下叛逃罪定义的意思,0.193570947
量刑标准,我国刑法对失火罪既遂的量刑规定?,0.193640756
量刑标准,操纵证券期货市场罪量刑标准是什么,0.194026034
其它,涉嫌合同诈骗最终后果,0.194354573
其它,重伤二级和解能撤案吗,0.194790769
从属,问一下受贿罪是哪种类型的罪名,0.195082229
量刑标准,新刑法滥用管理公司职权罪怎么判?,0.195648224
法律条文,重庆诈骗金额立案标准,0.197568083
特征,如何构成违法提供出口退税凭证罪?,0.197903404
其它,有谅解书还会判刑吗？,0.198004116
量刑标准,男人强奸未成年少女并有一子判几年,0.20015869
其它,诈骗犯还钱了还坐牢吗,0.200301659
其它,故意撞酒驾碰瓷什么罪,0.20074158
量刑标准,非法处置财产的财产量刑标准是什么,0.200986148
量刑标准,我国刑法对走私文物罪的量刑规定?,0.201988855
量刑标准,组织卖淫罪量刑标准?,0.20287805
量刑标准,中国刑法伪造身份证件罪怎么量刑?,0.202964312
量刑标准,巨额财产来源不明罪法院会判多久?,0.203418993
法律条文,浙江非法经营立案标准,0.203836002
量刑标准,构成洗钱罪怎么量刑?,0.204009542
其它,我今年14岁被性侵了,0.204092387
量刑标准,一般武装暴乱罪既遂是怎么量刑的?,0.204327742
法律条文,集资诈骗数额具体达到多少构成犯罪,0.205052497
法律条文,请问打击报复证人罪有什么刑法条文,0.205187869
特征,生产有害食品罪构成?,0.205559195
其它,三年以上怎么争取缓刑,0.205827507
量刑标准,一般抢夺枪支罪既遂是怎么判刑的?,0.207209516
量刑标准,非法经营烟草罪如何罚,0.207294176
特征,什么是投放危险物质罪的构成要件?,0.207595392
法律条文,请教一下放纵走私罪有什么相关法律规定,0.207714641
法律条文,行贿罪既遂会被追究什么刑事责任?,0.207738433
从属,请教一下丢失枪支不报罪属于哪类罪名,0.20801125
法律条文,聚众斗殴受害者判刑吗,0.208892439
量刑标准,三有保护动物量刑标准,0.209076453
量刑标准,保险诈骗罪既遂法院一般怎么判刑?,0.209313266
从属,请教一下伪造、变造金融票证罪的一级罪名是,0.209943609
特征,"怎样才构成单位行贿罪,有哪些规定",0.209964208
其它,侵占罪由哪个法院管辖,0.210013488
量刑标准,一般倒卖文物罪既遂是怎么量刑的?,0.210851819
概念,你好想了解执行判决、裁定滥用职权罪介绍,0.21380738
其它,刑事案件立案侦查终结后会怎么处理,0.214809377
量刑标准,犯了为境外窃取情报罪一般怎么判?,0.215562122
其它,扫码被骗了钱要怎么办,0.216113001
从属,您好持有、使用假币罪是哪种犯罪类型,0.216513825
法律条文,诈骗罪的立案标准山西,0.21653309
概念,你好，麻烦问一下如何理解故意伤害罪的概念是什么,0.216758011
法律条文,盗窃、侮辱尸体罪对应的法律规定有哪些,0.216808597
概念,虐待部属罪解释,0.216939411
量刑标准,犯了强奸罪怎么处罚?,0.217089004
量刑标准,犯了协助组织卖淫罪既遂怎么判刑?,0.217666937
其它,判三次拘役是不是累犯,0.218045997
量刑标准,走私贵重金属罪判刑处罚标准是什么,0.218675672
其它,请问告诉才处理的犯罪案件包括什么,0.219101432
量刑标准,构成走私淫秽物品罪会怎样追究责任,0.219351277
其它,偷手机累犯被抓如何判,0.219513701
概念,冒昧问一下解释一下打击报复会计、统计人员罪解释,0.219937483
量刑标准,犯了非法持有弹药罪怎么量刑处罚?,0.220529796
其它,贿赂能否构成共同犯罪,0.220613066
其它,因吸毒拘留可以保释吗,0.22068988
量刑标准,请问分裂国家罪怎么判刑,0.220722828
量刑标准,2023刑法容留卖淫罪的量刑标准,0.220812234
量刑标准,构成爆炸罪怎么判刑?,0.220923883
其它,醉驾肇事拘役可不可以申请监外执行,0.221459894
其它,附加刑中没收财产的适用方式是什么,0.2226081
其它,非吸案不报案能赔偿吗,0.222672174
特征,请问战时窝藏逃离部队军人罪的四要件是什么,0.222923121
其它,包工头跑了算诈骗罪吗,0.223631823
特征,你好关于抢劫罪的主体要件是怎样的,0.226995172
特征,逃避追缴欠税罪有哪些特征,0.227080552
特征,诉讼代理人伪造证据罪由哪些构成?,0.227329421
量刑标准,非法批准征用、占用土地罪的量刑?,0.227397344
量刑标准,中国刑法走私废物罪既遂怎么量刑?,0.228352874
特征,满足什么要件构成领导恐怖组织罪?,0.228409687
其它,盗窃罪怎么才能不判刑,0.228417463
特征,环境监管失职罪的特征是什么,0.229697793
特征,怎么样才构成资敌罪?,0.230569779
其它,"取保候审期算羁押期吗,有哪些规定",0.230797195
其它,挪用五千块钱算犯罪吗,0.231139595
量刑标准,中国对非法制造弹药罪的判刑标准?,0.231163651
法律条文,暴力取证罪立案标准?,0.231455954
其它,父亲有犯罪记录，女儿能考空姐吗？,0.231561123
法律条文,您好拒不救援友邻部队罪有哪些法律依据,0.232176881
法律条文,河南省诈骗案立案标准,0.232224697
从属,你好，麻烦问一下滥用管理公司、证券职权罪的上级罪名是什么,0.232627202
量刑标准,刑法强制猥亵、侮辱罪的判罪标准?,0.232972386
特征,问一下伪造、变造、转让金融机构经营许可证、批准文件罪有哪些特征,0.233224413
特征,"非法拘禁罪的客体,法律怎么规定的",0.233261501
其它,网赌输了好多钱怎么办,0.233587242
量刑标准,盗窃遗忘物构成盗窃罪应当如何判刑,0.235271919
特征,请问非法采集、供应血液、制作、供应血液制品罪的构成要件是什么,0.235387694
从属,请问过失损坏电力设备罪是哪个类别的罪名,0.23542248
其它,"犯侵占罪严重吗?,法律怎么规定的",0.235437464
其它,交通肇事致人死亡逃逸是否终身禁驾,0.235659341
量刑标准,引诱、容留、介绍卖淫罪怎么判刑?,0.236784234
其它,办银行卡显示涉嫌诈骗,0.236796497
量刑标准,一般非法买卖枪支罪是怎么判刑的?,0.237206437
量刑标准,利用迷信致人重伤罪既遂量刑指南?,0.237963515
量刑标准,销售有害食品罪既遂最多判多少年?,0.239086669
量刑标准,犯了伪造身份证件罪怎么量刑处罚?,0.239114908
法律条文,走私普通货物物品罪立案标准是什么,0.239349586
量刑标准,你好走私核材料罪的处罚标准是什么,0.241065134
量刑标准,不报、谎报安全事故罪既遂的处罚?,0.242225747
法律条文,打扰问一下交通肇事罪的法律条文是什么,0.242745837
量刑标准,中国刑法非法运输枪支罪怎么量刑?,0.245122468
量刑标准,吸收客户资金不入账罪既遂的量刑?,0.245140849
法律条文,挪用公款罪立案标准?,0.245247029
其它,怎么处罚赌资二十多万,0.245751597
量刑标准,你好煽动民族仇恨、民族歧视罪怎么处罚,0.246389473
其它,电信诈骗属于什么犯罪,0.246700701
其它,故意杀人多久会判死刑,0.247115839
其它,网络诈骗20算犯法吗,0.247480401
量刑标准,走私文物罪怎么量刑?,0.247999667
其它,过失犯罪是如何构成的,0.24880386
从属,您好伪造、变造股票、公司、企业债券罪的一级罪名是,0.250268957
其它,遇到网络诈骗该怎么办,0.251070989
从属,非法持有、私藏枪支、弹药罪的一级罪名是,0.251209887
量刑标准,聚众持械劫狱罪既遂判刑最新规定?,0.25123345
量刑标准,中国对战时造谣惑众罪的处罚标准?,0.253110515
其它,检察院提审后多久释放,0.254510051
特征,你好，麻烦问一下故意提供不合格武器装备、军事设施罪有什么特征,0.254795977
特征,过失决水罪如何构成的,0.255586137
其它,被传销骗了钱能追回吗,0.255652264
量刑标准,为境外非法提供情报罪一般判几年?,0.255931181
特征,背信运用受托财产罪是如何构成的?,0.256655549
从属,包庇毒品犯罪分子罪是什么类型的罪名,0.256737595
量刑标准,一般战时自伤罪既遂是怎么判刑的?,0.257852334
概念,想了解暴力取证罪的概念,0.257857275
量刑标准,组织卖淫罪的处罚标准,0.257861148
法律条文,妨害动植物防疫罪刑事责任怎样追究,0.258599775
量刑标准,"敲诈勒索罪是要怎么判,怎么规定的",0.258655931
量刑标准,构成煽动分裂国家罪一般会怎么判?,0.258811367
概念,冒昧问一下可以问一下非法生产、买卖军用标志罪是什么意思？,0.259010247
量刑标准,不养父母法院怎么判刑,0.260294446
量刑标准,走私淫秽物品罪量刑标准是怎么样的,0.260449994
量刑标准,新刑法间谍罪怎么判?,0.260856372
特征,你好组织他人偷越国（边）境罪怎么认定,0.26151366
其它,判刑七个月会送监狱吗,0.261558594
法律条文,对违法票据承兑罪刑事责任怎么追究,0.262680794
量刑标准,过失犯罪的定罪与量刑有哪些规定,0.26335122
法律条文,网络诈骗会被判刑吗？,0.265431202
其它,打架进派出所怎么保释,0.265574927
特征,"诈骗案如何认定,法律上有哪些规定",0.26559111
量刑标准,购买假币罪怎么处罚?,0.26580684
概念,请问解释解释强迫卖淫罪是什么意思？,0.265942528
特征,生产、销售假药罪的四要件是哪些?,0.265997436
量刑标准,私分国有资产罪既遂具体量刑标准?,0.266377072
量刑标准,故意杀人罪最少判几年,0.266591311
特征,非法组织卖血罪的构成要件有哪些?,0.267132504
特征,怎样认定员工职务侵占,0.267332949
量刑标准,聚众持械劫狱罪既遂判刑标准细分?,0.267421539
特征,战时拒绝服役罪的犯罪构成有哪些?,0.267900367
量刑标准,强制猥亵、侮辱罪既遂最少判几年?,0.268271107
法律条文,问一下引诱未成年人聚众淫乱罪有哪些法律依据,0.269798352
法律条文,挪用资金多大数额犯罪,0.269985258
量刑标准,非法运输弹药罪既遂最多判多少年?,0.270469857
法律条文,盗窃尸体罪可以追究什么刑事责任?,0.271270307
量刑标准,构成侵犯商业秘密罪既遂怎么判刑?,0.271809879
法律条文,为亲友非法牟利罪的法律依据是什么,0.272018315
量刑标准,以危险方法危害公共安全罪判几年?,0.272350003
量刑标准,污染环境罪判刑标准是如何规定的?,0.272598807
概念,募集配套资金什么意思,0.273853622
特征,冒昧问一下走私废物罪的要件是什么,0.273874944
特征,你好，麻烦问一下破坏交通工具罪如何认定,0.275098746
其它,敲诈勒索属于什么案件,0.275130947
量刑标准,四年前的故意伤害他人罪怎么判刑？,0.276388332
法律条文,问一下票据诈骗罪有哪些法律条文,0.276388458
量刑标准,变造金融票证罪既遂判刑最新规定?,0.27681436
量刑标准,故意毁坏财物罪的处罚标准是什么?,0.276956988
其它,看别人打架算帮凶吗？,0.277840726
特征,出售国有资产罪的成立条件是什么?,0.2784088
其它,共同犯罪各自处罚原则,0.278719311
量刑标准,中国对组织恐怖组织罪的判刑标准?,0.279011826
其它,杀人偿命还有没有赔偿,0.279684464
量刑标准,煽动分裂国家罪量刑最新法律规定?,0.280186183
特征,伪造企业印章罪的犯罪构成是什么?,0.280224541
量刑标准,索债型非法拘禁判几年,0.280608827
特征,帮助毁灭、伪造证据罪的特征是什么,0.2811246
量刑标准,非法买卖土地使用罪既遂如何判刑?,0.281240041
量刑标准,请问醉驾酒驾处罚标准是怎么规定的,0.282504109
法律条文,你好伪造、倒卖伪造的有价票证罪有什么法律依据,0.283009432
特征,"非法传销是如何判定的,怎么规定的",0.283446732
量刑标准,执行判决失职罪既遂怎么处罚量刑?,0.284681019
概念,请教一下可以问一下煽动暴力抗拒法律实施罪是啥意思,0.285588967
其它,我起诉在押如犯人，我能见到犯人吗,0.286324558
量刑标准,非法运输危险物质罪既遂怎么判刑?,0.288557985
量刑标准,"微信招嫖会判刑吗,法律怎么规定的",0.2888919
量刑标准,非法出卖武器装备罪量刑标准细分?,0.290482133
特征,非法转让、倒卖土地使用权罪的构成要件是什么,0.291398522
特征,构成过失致人重伤罪的条件有哪些?,0.291854897
量刑标准,组织卖淫嫖娼怎么判刑,0.292151735
量刑标准,非法集资员工会坐牢吗,0.292707549
其它,什么时候可以申请假释,0.292953159
从属,生产、销售劣药罪属于哪种罪名,0.29312779
其它,缓刑考验期是如何计算,0.293675863
法律条文,销售伪劣农药罪的刑事责任是什么?,0.293758867
特征,枉法仲裁罪有什么特征,0.294500186
量刑标准,中国新刑法妨害动物防疫罪判几年?,0.296076345
概念,冒昧问一下解释解释隐匿、故意销毁会计凭证、会计账簿、财务会计报告罪介绍,0.296487165
量刑标准,请问一下交通肇事罪量刑标准的规定,0.297411638
法律条文,湖南省盗窃罪立案标准,0.297688379
量刑标准,"敲诈勒索判多久,法律是如何规定的",0.29846278
法律条文,宁夏敲诈勒索立案标准,0.298925602
量刑标准,非法批准征用土地罪既遂量刑幅度?,0.299413008
法律条文,爆炸罪立案标准是什么,0.299910668
量刑标准,违法发放贷款罪既遂量刑标准细分?,0.300079773
其它,"累犯可以保外就医吗？,有哪些规定",0.300118862
量刑标准,我国刑法对购买假币罪的处罚规定?,0.300647948
量刑标准,"间谍罪怎么判刑,法律的规定是什么",0.30083881
其它,围标串标罪的刑事责任,0.301434476
其它,吸收合并职工是否补偿,0.301934115
其它,缓刑期结束后怎么执行,0.30196733
特征,生产伪劣兽药罪构成?,0.302076529
量刑标准,非法制造爆炸物罪既遂有哪些惩罚?,0.30213609
其它,"被批捕后家属要签字吗,有哪些规定",0.302390518
量刑标准,冒昧问一下非法行医罪怎么处罚,0.303497899
量刑标准,构成诈骗罪怎么处罚?,0.303580997
量刑标准,冒昧问一下组织、领导、参加恐怖组织罪的量刑是什么,0.303915031
从属,您好丢失枪支不报罪是什么类型的罪名,0.304633342
法律条文,非法狩猎罪对应的法律依据有哪些,0.305711259
从属,您好接送不合格兵员罪属于哪种罪名,0.307080854
概念,您好能否介绍一下吸收客户资金不入账罪的意思,0.307375876
量刑标准,故意伤害罪处罚标准是如何规定的?,0.307391363
量刑标准,像微信群赌博，被抓紧去一般关多久,0.307407938
特征,"强奸罪该如何认定,具体规定有哪些",0.307564256
法律条文,单位行贿罪的立案标准是怎么样的?,0.308182971
从属,冒昧问一下资敌罪是哪种犯罪类型,0.308187098
其它,律师如何办理取保候审,0.308927182
法律条文,"诽谤他人要坐牢吗,法律怎么规定的",0.309338881
特征,私分国有资产罪构成要件具体是什么,0.309752026
量刑标准,欺骗他人吸毒罪量刑最新法律规定?,0.310064321
法律条文,你好，问一下商业贿赂立案最新标准,0.310660382
从属,请教一下放纵走私罪的一级罪名是,0.310821077
量刑标准,抢夺武器装备罪既遂法院会判多久?,0.311987016
其它,"小偷盗窃被打死谁担责,怎么规定的",0.312504714
量刑标准,销售劣药罪量刑标准是如何规定的?,0.312624297
量刑标准,15岁诈骗会怎么处理,0.313019216
其它,不知情的情况下帮人洗70万判多久,0.313593166
量刑标准,未成年持刀抢劫判多久,0.313940536
从属,问一下虚假诉讼罪是哪个类别的罪名,0.314204534
特征,问一下颠覆国家政权罪有什么特征,0.314584398
从属,你好擅自出卖、转让国有档案罪属于哪类罪名,0.314987261
其它,以什么为目的偷盗婴儿以绑架罪论处,0.315532723
其它,数罪并罚是分别量刑吗,0.315716282
量刑标准,冒昧问一下倒卖文物罪的刑期是多久,0.315889785
量刑标准,包庇罪既遂如何处罚?,0.31712575
量刑标准,持有假币罪如何判刑?,0.318215659
其它,我想了解一下私藏刀具放家里违法吗,0.318707438
量刑标准,赌博罪判处3年可以吗,0.319411667
其它,扫黑什么情况没收财产,0.31959337
量刑标准,第一次偷盗罪如何处置,0.320386661
其它,累犯判一年半能减刑吗,0.320662822
量刑标准,醉驾肇事能判多长时间,0.320794236
量刑标准,变造股票债券罪量刑最新法律规定?,0.32108512
量刑标准,对违法票据保证罪的刑法裁量规定?,0.321646663
其它,弟弟15岁纹身怎么办,0.321745957
量刑标准,中国对销售劣药罪既遂的判刑标准?,0.32195582
特征,战时临阵脱逃罪有什么特征,0.322167717
量刑标准,受贿罪判刑标准细分?,0.322340381
法律条文,非法拘禁几小时可立案,0.322476681
量刑标准,违规不披露重要信息罪有哪些惩罚?,0.32263668
特征,辩护人毁灭证据罪的犯罪构成界定?,0.322800152
量刑标准,"诈骗罪判多久?,法律上有哪些规定",0.322911748
其它,附加刑可以独立适用吗,0.323230035
特征,你好非法狩猎罪有什么特征,0.324288276
量刑标准,法院对伪造金融票证罪既遂怎样裁判,0.325103405
法律条文,偷盗罪立案标准是什么,0.325744551
量刑标准,非法储存危险物质罪既遂如何量刑?,0.326103477
量刑标准,醉驾致死法律如何处理,0.32612776
其它,故意伤害立案需要多久,0.326178295
量刑标准,一般生产伪劣兽药罪是怎么量刑的?,0.32636527
量刑标准,刑法对违法票据付款罪的判罪标准?,0.327403059
法律条文,传播性病罪对应的刑法条文有哪些,0.327655963
其它,强卖强卖问题。有人吗,0.328149641
量刑标准,购买假币罪量刑标准是如何规定的?,0.328374835
特征,共同贪污犯罪如何认定,0.328516724
量刑标准,构成非法持有弹药罪一般会怎么判?,0.328577152
法律条文,你好，麻烦问一下破坏集会、游行、示威罪有什么法条,0.329676605
特征,组织、领导、参加恐怖组织罪构成?,0.331349226
特征,您好诈骗罪的要件是什么,0.331527457
量刑标准,滥用管理公司职权罪既遂判刑规定?,0.331714753
其它,检察院缓刑建议有用吗,0.33191519
量刑标准,打扰问一下破坏生产经营罪的处罚是什么,0.332359972
其它,出借银行卡被法院提审,0.332581104
量刑标准,根据刑法规定变造货币罪会判多久?,0.33268923
量刑标准,窝藏毒赃罪既遂法院一般怎么判刑?,0.333746427
特征,抢劫罪的特征是什么,0.33376639
法律条文,故意伤害致人死亡的法律规定有哪些,0.334299042
从属,抢劫罪的上级罪名是什么,0.334903952
其它,醉驾初犯最轻怎么处罚,0.33561931
其它,无证驾驶醉驾要坐牢吗,0.335656753
特征,出具证明文件重大失实罪的要件是什么,0.335923149
量刑标准,您好生产、销售伪劣农药、兽药、化肥、种子罪的刑期是多久,0.336527975
其它,被判缓刑单位能查到吗,0.336735574
量刑标准,抢夺国家机关印章罪既遂量刑标准?,0.337098321
其它,刑事轻伤二级量刑标准,0.337318329
其它,累犯可以保外就医吗？,0.33934288
法律条文,问一下引诱未成年人聚众淫乱罪对应的法条有哪些,0.339464751
量刑标准,构成非法持有毒品罪既遂怎么判刑?,0.339993666
其它,"非法持冰毒多少克,具体规定有哪些",0.340630286
法律条文,你好违规披露、不披露重要信息罪有什么法条,0.341056137
其它,女人侵犯男人算强奸？,0.341854009
量刑标准,"第一次贩毒会判多少年,怎么规定的",0.342164696
概念,能否介绍一下虚报注册资本罪定义,0.342357239
概念,解释一下非法捕捞水产品罪介绍,0.343325976
其它,刑事诉讼法移交起诉的条件是怎样的,0.343395964
从属,请教一下非法出卖、转让武器装备罪是什么类型的罪名,0.343409235
量刑标准,"诽谤他人会判刑吗,具体规定有哪些",0.343441491
法律条文,请问非法持有、私藏枪支、弹药罪对应的刑法条文有哪些,0.343609543
量刑标准,"查出问题食品怎么判刑,有哪些规定",0.343893852
量刑标准,道路安全法对醉驾两次的处罚是什么,0.344302884
量刑标准,对非国家工作人员行贿罪怎么判刑?,0.344548176
其它,延长侦查羁押期限条件,0.344653509
量刑标准,您好侵犯通信自由罪受哪些处罚,0.344866942
其它,作伪证能不能判缓刑呢,0.344947653
其它,监外执行多久报到一次,0.344989396
法律条文,职务侵占4万元判刑吗,0.346160931
特征,伪造股票债券罪的成立条件是什么?,0.347013403
量刑标准,诉讼代理人伪造证据罪怎么处罚量刑,0.347528336
法律条文,刑法中关于环境污染罪的规定有什么,0.348261956
量刑标准,中国刑法变造股票债券罪怎么量刑?,0.34827546
其它,刑事自诉人必须到庭吗,0.349032158
量刑标准,决水罪既遂的最新判刑标准是什么?,0.349335039
法律条文,聚众斗殴未遂能立案吗,0.349488516
量刑标准,中国对私分国有资产罪的处罚标准?,0.349691055
法律条文,累犯过失犯罪的相关法律规定有哪些,0.349709895
量刑标准,二次醉酒驾驶怎么处罚,0.349729737
其它,监狱假释需要什么条件,0.349844048
量刑标准,买儿童罪量刑标准答案,0.349939905
其它,共同犯罪的要件有什么,0.350027017
法律条文,您好执行判决、裁定失职罪有什么法律依据,0.350043503
量刑标准,刑法对生产伪劣化肥罪的定罪标准?,0.350426231
量刑标准,职务侵占罪怎么量刑?,0.351090642
特征,你好窝藏、包庇罪的要件有哪些,0.351264641
量刑标准,构成销售公民个人信息罪怎么判刑?,0.351775263
从属,打扰问一下制作、复制、出版、贩卖、传播淫秽物品牟利罪属于哪类罪名,0.352148542
其它,寻衅滋事可以不判刑吗,0.352647015
量刑标准,冒昧问一下盗掘古人类化石、古脊椎动物化石罪怎么处罚,0.352680461
特征,请问强迫交易罪的特征是什么,0.352701783
量刑标准,非法拘禁罪的刑罚时间,0.35286173
其它,撤案需要报案人签字吗,0.353449057
特征,如何构成组织邪教组织致人重伤罪?,0.354741121
其它,犯非法制造抵扣税款发票罪严重吗?,0.355496372
特征,请问侮辱罪的“情况严重”如何认定,0.355498691
概念,你好，麻烦问一下能否介绍一下伪造、倒卖伪造的有价票证罪的概念是什么,0.355943567
量刑标准,毁灭国家机关印章罪既遂如何量刑?,0.356044995
特征,抗税罪构成要素?,0.356896591
量刑标准,醉驾撞死人怎样判赔偿,0.357338025
法律条文,冒昧问一下扰乱无线电通讯管理秩序罪对应的法条有哪些,0.357843948
概念,能否介绍一下有价证券诈骗罪的概念,0.358405443
其它,非法吸收公众存款罪判,0.358530158
特征,请教一下虚开增值税发票用于骗取出口退税、抵扣税款发票罪的四要件是什么,0.358557103
量刑标准,最新刑法挪用特定款物罪量刑标准?,0.358663911
法律条文,爆炸罪的相关法律规定是什么,0.358685498
量刑标准,中国对销售伪劣农药罪的判刑标准?,0.358963724
量刑标准,"初次醉酒驾驶怎么处罚,怎么规定的",0.359358987
其它,非法集资业务员拉拢客户1700万,0.35936669
其它,网上诈骗怎么网上报警,0.359859692
其它,犯罪嫌疑人死亡怎么办,0.359913066
特征,满足什么要求会构成侵犯通信自由罪,0.360421625
特征,侵犯公民个人信息罪具体构成要件?,0.360668047
量刑标准,"制售假冒伪劣如何处罚,怎么规定的",0.361513606
其它,犯买卖国家机关印章罪既遂严重吗?,0.361564579
概念,解释解释介绍贿赂罪是啥？,0.361610454
法律条文,虚开发票罪立案标准?,0.362329897
量刑标准,构成引诱他人吸毒罪既遂怎么量刑?,0.362453428
量刑标准,犯间谍罪情节较轻的处几年有期徒刑,0.362821316
其它,借记卡转帐，会判刑吗,0.363618273
法律条文,故意泄露军事秘密罪有哪些刑法条文,0.364395606
量刑标准,"收赃罪怎样判刑,法律是如何规定的",0.364649029
其它,"敲诈勒索如何才算既遂,有哪些规定",0.36534581
从属,请教一下过失损坏武器装备、军事设施、军事通信罪是哪个类别的罪名,0.365701179
从属,请问妨害国境卫生检疫罪是什么类型的罪名,0.366456175
特征,请教一下组织、利用会道门、邪教组织、利用迷信破坏法律实施罪有哪些特征,0.366568118
其它,连续犯多次抢劫的认定,0.367289666
其它,被一款app平台诈骗,0.367672724
特征,问一下过失损坏易燃易爆设备罪有哪些特征,0.36828938
法律条文,你好，我想问一下诈骗罪的立案标准,0.368657233
特征,"诈骗罪构成要件?,法律怎么规定的",0.368771624
量刑标准,涉嫌非法营运怎样处罚,0.369131706
量刑标准,包庇罪既遂的最新量刑标准是什么?,0.369165385
量刑标准,执行判决、裁定失职罪一般判几年?,0.369674121
法律条文,广州诈骗金额立案标准,0.369696838
特征,您好销售侵权复制品罪如何认定,0.369837493
量刑标准,最新刑法故意毁坏财物罪量刑标准?,0.369968699
其它,组织嫖娼卖淫有啥罪行,0.370775224
量刑标准,利用迷信破坏法律实施罪怎么量刑?,0.371331222
其它,个人信息被盗用怎么办,0.371452941
其它,小偷盗窃被打死谁担责,0.371496436
量刑标准,车祸无意致死如何判刑,0.37179392
其它,"故意犯罪的形态有哪些,有哪些规定",0.37185254
其它,帮人转账拿佣金判多久,0.372542617
其它,还没判刑的可以探视吗,0.372555445
其它,无犯罪记录怎么查询？,0.372762638
其它,有行拘记录可以缓刑吗,0.372799767
其它,什么时候可以适用缓刑,0.372896678
量刑标准,非法私藏枪支罪既遂法院怎么量刑?,0.37499644
量刑标准,保险诈骗罪判刑标准是如何规定的?,0.375100126
量刑标准,构成非法提供精神药品罪怎么判刑?,0.375133282
法律条文,您好赌博罪对应的法律依据有哪些,0.375181235
量刑标准,犯了销售有毒食品罪既遂怎么判刑?,0.375273587
概念,冒昧问一下能否介绍一下资助危害国家安全犯罪活动罪的概念,0.375855509
量刑标准,构成变造股票债券罪既遂怎么处罚?,0.376668636
其它,没有刑事立案能否判刑,0.377566412
量刑标准,刑法对内幕交易罪既遂的处罚规定?,0.377638628
法律条文,请问一下盗窃罪达到多少钱才能立案,0.377937315
其它,"帮人转账拿佣金判多久,怎么规定的",0.37797335
其它,诈骗罪什么时候请律师,0.37929101
量刑标准,您好，我问一下抢劫罪最低判多少年,0.379837089
量刑标准,聚众扰乱军事管理区秩序罪的量刑标准是什么,0.380321724
量刑标准,"抢劫要判几年刑,法律是如何规定的",0.380458279
量刑标准,法院对虚假诉讼罪既遂的裁量标准?,0.380618312
量刑标准,对贪污罪是怎样处罚的,0.380631301
其它,交通肇事致死怎么处理,0.380770956
量刑标准,盗窃超市物品如何定罪,0.381345879
量刑标准,交通肇事罪既遂的处罚标准是什么?,0.381425991
量刑标准,中国对伪造企业债券罪的处罚标准?,0.382135237
量刑标准,"犯洗钱罪如何处罚,法律怎么规定的",0.382194932
其它,倾倒化工污水怎么量刑,0.382282759
法律条文,打扰问一下私分罚没财物罪有什么法律依据,0.382329292
法律条文,冒昧问一下妨害清算罪的法条是什么,0.382793663
量刑标准,故意杀人未遂坐几年牢,0.382822572
量刑标准,走私国家保护珍贵动物罪量刑幅度?,0.382842447
特征,问一下非法出售用于骗取出口退税、抵扣税款发票罪的特征是什么,0.383153908
量刑标准,挪用特定款物罪既遂最多判多少年?,0.383186299
特征,非法提供麻醉药品罪是如何构成的?,0.383899665
其它,"共同犯罪是包括两人吗,有哪些规定",0.384763804
量刑标准,倒卖武器装备罪既遂最多判多少年?,0.385983355
其它,犯罪中止是犯罪未遂吗,0.386055524
量刑标准,醉驾的处罚标准是什么,0.386283094
概念,冒昧问一下解释一下走私贵重金属罪定义,0.387199007
法律条文,您好私放俘虏罪的刑法条文是什么,0.387935613
其它,死刑复核没通过怎么办,0.388042102
量刑标准,使用假币罪量刑标准是如何规定的?,0.388161991
量刑标准,非法私藏枪支罪既遂具体量刑标准?,0.388459165
量刑标准,虚开抵扣税款发票罪怎么处罚量刑?,0.389586583
其它,我前段时间被电信诈骗,0.389965507
特征,窝藏、包庇罪的构成要件包括哪些?,0.390529828
其它,刑事案件伤残鉴定流程,0.390551946
量刑标准,"抢夺罪如何处罚,法律的规定是什么",0.390709701
概念,打扰问一下想了解票据诈骗罪有什么定义？,0.391836437
量刑标准,出售、购买、运输假币罪怎么判刑?,0.392218037
量刑标准,过失损坏电力设备罪既遂处罚规定?,0.392834523
量刑标准,"扒窃三千七百如何量刑,怎么规定的",0.393172163
量刑标准,法院对骗取贷款罪量刑的具体标准?,0.393381281
量刑标准,拿刀故意伤人怎么判刑,0.393747532
其它,根据我国法律的规定贩卖柴油犯法吗,0.394020737
量刑标准,虚假出资罪判刑标准?,0.394617451
法律条文,请问侵犯商业秘密罪有哪些法律依据,0.394850237
量刑标准,中国刑法逃避商检罪既遂怎么量刑?,0.396005749
其它,咋骗17万，赃款退还,0.396015234
量刑标准,金融诈骗金额量刑标准,0.396186251
特征,"要如何构成交通肇事罪,怎么规定的",0.396264932
法律条文,"聚众斗殴逃跑的怎么办,有哪些规定",0.39657264
量刑标准,醉驾撞人逃逸怎么处罚,0.396965943
其它,申请保释的有什么条件,0.397061963
特征,猥亵儿童罪有什么特征,0.397475943
量刑标准,抢夺国家机关证件罪会判多长时间?,0.397707336
其它,诈骗罪怎么确定受害人,0.398006331
量刑标准,销售侵权复制品罪既遂怎样定罪处罚,0.398562379
特征,非法运输野生动物罪的构成四要素?,0.399109634
量刑标准,你好，麻烦问一下破坏军婚罪的量刑是什么,0.399790428
其它,刑事罚金不交会怎么样,0.399888239
量刑标准,"生产劣药罪判刑规定?,怎么规定的",0.400676382
特征,破坏生产经营罪需要哪些犯罪构成?,0.401211248
其它,醉驾和酒驾有哪些区别,0.402065659
法律条文,打扰问一下骗购外汇罪有什么法律条文,0.402319217
概念,能否介绍一下故意提供不合格武器装备、军事设施罪的概念是什么,0.40249823
特征,"虚开发票罪的构成要件,怎么规定的",0.40324001
特征,怎样构成非法处置进口的固体废物罪,0.403319932
特征,非法吸收公众存款罪构成要件是什么,0.403333436
量刑标准,你好执行判决、裁定滥用职权罪怎么处罚,0.403560885
法律条文,"偷盗多少钱构成盗窃罪,怎么规定的",0.403804559
概念,被打了要赔偿算诈骗吗,0.404152883
量刑标准,我国刑法对走私废物罪的处罚规定?,0.404309864
法律条文,虚开增值税专用发票罪的刑事责任?,0.405160889
量刑标准,刑法对煽动分裂国家罪的定罪标准?,0.405184991
从属,你好，麻烦问一下虚假广告罪是哪种类型的罪名,0.405328311
法律条文,打扰问一下非法出卖、转让武器装备罪有哪些法条,0.405331562
概念,你好，问一下转化型抢劫是什么意思,0.405449761
其它,判决前转移财产违法吗,0.405617363
法律条文,你好徇私舞弊发售发票、抵扣税款、出口退税罪的刑法条文是什么,0.406195678
其它,教唆未遂是否能够定罪,0.407064158
量刑标准,擅自发行股票债券罪既遂如何判刑?,0.407470561
特征,打扰问一下非法低价出让国有土地使用权罪的构成要件有哪些,0.407599329
其它,被抓已经过24小时了,0.407607936
法律条文,冒昧问一下非法制造、买卖、运输、储存危险物质罪有哪些法律依据,0.407996314
量刑标准,你好请问盗窃1万多元一般会判几年,0.408003891
法律条文,巨额财产来源不明罪最新立案标准?,0.408181156
量刑标准,非法生产、买卖警用装备罪判几年?,0.408219088
其它,哪些情形免于刑事处罚,0.408389548
法律条文,湖北襄阳盗窃立案标准,0.408985723
概念,冒昧问一下如何理解抗税罪的概念,0.409143464
其它,犯罪中止还需要坐牢吗,0.410181199
量刑标准,新刑法对窝藏、包庇罪的处罚标准?,0.411284271
量刑标准,我国刑法对销售劣药罪的量刑规定?,0.411786631
法律条文,请教一下金融工作人员购买假币、以假币换取货币罪有什么法律条文,0.411853417
法律条文,在刑事诉讼法中有关注侵犯罪的规定,0.411973231
量刑标准,洗黑钱一千万会判几年,0.413680478
量刑标准,网络诈骗公司进行诈骗应该怎么处罚,0.41384901
量刑标准,不报、谎报安全事故罪有哪些惩罚?,0.413903587
特征,串通投标罪的犯罪主体是怎么规定的,0.414322278
其它,被骗400可以立案么,0.414338577
其它,波克捕鱼坑了我6万多,0.414385383
量刑标准,挪用公司公款4万元会面临怎样处罚,0.415000443
其它,拥聊天软件赚钱犯法吗,0.415346113
其它,防卫过当可不可以免责,0.416222295
量刑标准,构成非法持有毒品罪一般会怎么判?,0.416480644
其它,抖音直播间开翡翠被骗,0.41669064
特征,"怎样构成诈骗罪,法律的规定是什么",0.416961525
其它,"刑法故意伤害罪第几条,内容是什么",0.416997349
其它,故意杀人自首赔钱多少,0.417119834
量刑标准,"持有假币罪如何判刑?,怎么规定的",0.417553205
其它,家属会见犯人怎么会见,0.417947684
其它,借用股票账户是否违法,0.41828582
特征,报复陷害罪的四个构成要件是什么?,0.418943487
量刑标准,"流窜作案怎么罚,法律的规定是什么",0.419890686
特征,"伪证罪有哪些构成特征,有哪些规定",0.420007622
量刑标准,行贿罪量刑是多少年,0.420109166
从属,问一下对单位行贿罪是哪个类别的罪名,0.420352562
量刑标准,中国刑法假冒专利罪既遂怎么量刑?,0.420416981
特征,私放在押人员罪的构成要件有哪些?,0.421348713
量刑标准,生产有毒食品罪既遂怎么定罪处罚?,0.422730736
其它,家属共同受贿怎么认定,0.42334057
特征,非法捕捞水产品罪的构成要件是什么,0.42354409
概念,如何理解走私珍稀植物、珍稀植物制品罪是啥意思,0.42539365
量刑标准,"非法采矿怎么定罪,具体规定有哪些",0.425692964
量刑标准,非法批准占用土地罪处罚标准细分?,0.425835351
量刑标准,逆行撞死3人怎么判刑,0.426277162
量刑标准,构成生产伪劣化肥罪一般会怎么判?,0.426802971
量刑标准,一般合同诈骗罪既遂是怎么判刑的?,0.426921813
量刑标准,战时拒绝征召罪既遂量刑标准细分?,0.427056779
概念,打扰问一下如何理解破坏监管秩序罪的概念,0.427563414
量刑标准,非法出卖武器装备罪法院会判多久?,0.429710453
从属,你好，麻烦问一下假冒专利罪属于什么罪,0.430051966
其它,贪污罪适用追诉时效吗,0.430111134
量刑标准,中国对非法私藏弹药罪的处罚标准?,0.430204655
量刑标准,犯了违规出具金融票证罪怎么处罚?,0.430328716
其它,受害人遇到网络诈骗是能够起诉的吗,0.430448561
特征,窃取国有档案罪构成要件具体规定?,0.430623648
特征,请问徇私舞弊发售发票、抵扣税款、出口退税罪的构成要件有哪些,0.431008765
其它,怀疑盗窃需要怎样定罪,0.431128
其它,本人醉驾车会被监控吗,0.431266233
量刑标准,我国刑法对内幕交易罪的量刑规定?,0.431404638
其它,人贩子为什么不判死刑,0.432015263
特征,冒昧问一下走私制毒物品罪的要件是什么,0.433063515
其它,通谋会不会构成犯罪呢,0.433248841
从属,冒昧问一下军人叛逃罪是什么类别,0.43396164
量刑标准,你好，麻烦问一下强迫他人吸毒罪受哪些处罚,0.434274204
特征,请教一下非法组织卖血罪的构成要件是什么,0.434634326
特征,变造企业债券罪的构成要件有哪些?,0.435066064
从属,聚众淫乱罪是哪种犯罪类型,0.435813669
量刑标准,掩饰犯罪所得收益罪既遂处罚标准?,0.435852512
特征,非法变卖土地使用权罪由哪些构成?,0.436096439
其它,没有定罪看守所关多久,0.436209192
其它,延长刑拘的条件有哪些,0.43715378
概念,解释一下妨害传染病防治罪的概念是什么,0.437282697
从属,冒昧问一下战时残害居民、掠夺居民财物罪的一级罪名是,0.437466607
概念,打扰问一下解释解释利用影响力受贿罪是什么意思？,0.43779451
量刑标准,一般仿造有价票证罪是怎么判刑的?,0.438007221
其它,酒量150怎么样处罚,0.438422594
量刑标准,涉嫌暴力取证罪依法具体会判多少年,0.438940253
其它,"100元盗窃能否报警,怎么规定的",0.438969571
量刑标准,"违法买卖土地怎样量刑,有哪些规定",0.439075879
量刑标准,支付宝帮人收钱在转钱给别人犯法吗,0.440222494
从属,冒昧问一下非法获取军事秘密罪的上级罪名是什么,0.440421944
法律条文,天津市侵占罪立案标准,0.441510914
其它,交警查到醉驾证据不足需要如何处理,0.442186452
特征,如何确定构成聚众扰乱交通秩序罪?,0.442516635
量刑标准,串通投标罪量刑幅度?,0.442535937
特征,合同诈骗罪的客观表现形式是怎样的,0.442798737
量刑标准,放火行为应当怎么定罪,0.443182471
其它,"非法集资钱可以退回吗,有哪些规定",0.443316263
量刑标准,组织邪教组织致人重伤罪量刑规定?,0.44339211
量刑标准,包庇毒品犯罪分子罪既遂如何判刑?,0.44415734
概念,请问解释解释重大飞行事故罪的概念,0.444159938
量刑标准,过失损坏武器装备罪既遂如何处罚?,0.444623759
从属,破坏易燃易爆设备罪是什么类型的罪名,0.444973758
其它,失火罪的缓刑适用条件,0.445434294
量刑标准,销售伪劣化肥罪既遂判刑标准细分?,0.445638227
量刑标准,非法制造危险物质罪会判多长时间?,0.445705314
特征,请问动植物检疫失职罪的构成要件是什么,0.447004029
法律条文,"敲诈勒索未遂是轻罪吗,有哪些规定",0.44830975
量刑标准,为境外剌探情报罪量刑有什么标准?,0.448920994
法律条文,问一下掩饰、隐瞒犯罪所得、犯罪所得收益罪有哪些法条,0.449167161
特征,非法制造抵扣税款发票罪构成要件?,0.449307851
特征,生产销售假药罪的争议认定是如何的,0.449435554
特征,打击报复证人罪的成立条件是什么?,0.450069323
其它,打牌出老千需要哪些证据才能被判刑,0.450622537
特征,构成侵占罪的前提条件,0.451036913
其它,入户盗窃两次一盗窃未遂算不算累犯,0.451343477
其它,微信转账多少构成诈骗,0.45164764
其它,刑事自诉需要起诉书吗,0.451765946
量刑标准,醉驾。醉驾怎么处罚？,0.4521405
量刑标准,"生产假药罪怎么判刑?,有哪些规定",0.452403117
法律条文,信用卡诈骗罪的刑法条文是什么,0.452564176
量刑标准,犯了购买运输假币罪既遂怎么判刑?,0.452803379
特征,非法使用窃听、窃照专用器材罪的特征是什么,0.452977251
法律条文,走私文物罪会被追究什么刑事责任?,0.45584195
量刑标准,故意毁坏财物罪的量刑是什么,0.455850324
其它,卡涉诈被冻结一年多了,0.456290827
其它,"盗窃罪物证都包括什么,有哪些规定",0.456420777
其它,卖淫被拘留可以保释吗,0.456537575
量刑标准,贪污45万自首判几年,0.457687505
量刑标准,伪造、变造金融票证罪有哪些惩罚?,0.45775534
法律条文,中国刑法遗失武器装备罪怎么立案?,0.458048473
其它,公司犯罪员工有责任吗,0.45846975
从属,请教一下虚报注册资本罪是什么类型的罪名,0.459119582
量刑标准,您好，我问一下交通肇事罪怎么量刑,0.459563136
量刑标准,徇私舞弊不征税款罪既遂判刑标准?,0.460546829
量刑标准,吸收客户资金不入账罪既遂怎么判?,0.460555551
量刑标准,一般欺诈发行股票罪是怎么处罚的?,0.460614352
特征,请问私分国有资产罪的特征是什么,0.461057495
量刑标准,泄露内幕信息罪既遂怎么处罚量刑?,0.461747243
概念,请问能否告知抢夺、窃取国有档案罪介绍,0.46191451
特征,问一下隐瞒、谎报军情罪怎么认定,0.462682815
其它,酒驾毒驾逃逸怎么处理,0.463533969
特征,请教一下接送不合格兵员罪的要件有哪些,0.464031195
量刑标准,组织卖淫，要判多久？,0.464204282
概念,打扰问一下解释解释诈骗罪有什么定义？,0.46565849
特征,国有企业人员失职罪具体构成要件?,0.465856843
量刑标准,虚开抵扣税款发票罪法院会判多久?,0.466051729
特征,走私制毒物品罪的犯罪构成有哪些?,0.466061275
量刑标准,聚众斗殴从犯量刑标准,0.46675484
量刑标准,一般教唆他人吸毒罪是怎么量刑的?,0.46759956
其它,酒驾吹147验血会高出多少。什么,0.46850556
特征,问一下徇私枉法罪有什么特征,0.468564503
量刑标准,变造国家有价证券罪既遂怎么量刑?,0.46884627
量刑标准,中国对使用假币罪既遂的处罚标准?,0.46916161
量刑标准,男子抢劫被反杀怎么判,0.469895923
量刑标准,非法生产警用装备罪既遂量刑指南?,0.470094547
其它,诈骗犯判刑后如何还钱,0.470974516
量刑标准,一般股票诈骗罪既遂是怎么量刑的?,0.471339933
法律条文,容留卖淫罪会被追究什么刑事责任?,0.473375886
量刑标准,法律规定虐童如何量刑,0.473513606
量刑标准,法院对变造公司债券罪的裁量标准?,0.473910198
其它,把别人家砸了犯什么罪,0.474318951
量刑标准,伪造证据怎么进行处罚,0.474395301
概念,冒昧问一下解释一下违法发放林木采伐许可证罪定义,0.474628888
法律条文,走私核材料罪的法律规定有哪些规定,0.474813628
其它,间接正犯是共同犯罪吗,0.475089013
特征,冒昧问一下煽动暴力抗拒法律实施罪怎么认定,0.475463242
其它,我的手机银行电信诈骗刑警队立案了,0.475480968
量刑标准,非法出售野生动物罪既遂怎么判刑?,0.476380035
其它,定罪免罚有犯罪记录吗,0.47723924
法律条文,"寻衅滋事算暴力犯罪吗,有哪些规定",0.477571634
量刑标准,套路贷不是主犯怎么判,0.477846966
量刑标准,一般非法运输弹药罪是怎么量刑的?,0.478459375
概念,放纵走私罪是什么意思？,0.478913485
量刑标准,贩毒五十克可以判多久,0.479218333
量刑标准,构成逃避商检罪既遂一般会怎么判?,0.479256063
法律条文,走私制毒物品罪的刑事责任是什么?,0.479486481
其它,正当防卫伤人要赔偿吗,0.479703189
法律条文,我国刑法对职务侵占罪的立案规定?,0.479839282
特征,您好非法制造、出售非法制造的用于骗取出口退税、抵扣税款发票罪的要件是什么,0.480140179
特征,满足什么要件构成生产有害食品罪?,0.480273242
概念,请问能否告知聚众哄抢罪的概念,0.481560037
法律条文,诈骗钱超过多少为大案,0.482423352
量刑标准,无证酒驾撞伤人怎么判,0.483263265
其它,网上招嫖被骗有责任吗,0.48351833
其它,酒后驾车和醉驾的处罚分别是怎样的,0.483756283
法律条文,为亲友非法牟利罪既遂的刑事责任?,0.484289705
量刑标准,组织出卖人体器官罪既遂量刑处罚?,0.484708534
量刑标准,失职致使在押人员脱逃罪判刑标准?,0.484865166
其它,合同被骗了去哪里报案,0.485522852
法律条文,吉林职务侵占立案标准,0.485884787
法律条文,过失损坏电力设备罪立案标准是什么,0.486160827
法律条文,参与电信诈骗金额到达多少才会判刑,0.486979854
其它,"只有间接证据能定罪吗,有哪些规定",0.487202428
量刑标准,诽谤什么程度需要坐牢,0.488433452
概念,您好解释解释帮助犯罪分子逃避处罚罪的概念是什么,0.488715826
量刑标准,放纵走私罪怎么量刑?,0.488993132
概念,请教一下如何理解煽动颠覆国家政权罪的概念,0.490315162
量刑标准,开车故意撞人怎么判刑,0.490682795
特征,非法收购野生动物罪的构成四要素?,0.491097195
法律条文,公司网络诈骗立案标准,0.492166342
量刑标准,一般强迫劳动罪既遂是怎么量刑的?,0.492517596
法律条文,你好，麻烦问一下非法向外国人出售、赠送珍贵文物罪有哪些刑法条文,0.493236114
其它,公诉案件能刑事和解吗,0.493323702
量刑标准,未成年人组织未成年人卖淫怎么判刑,0.49401066
量刑标准,"妨害作证罪处罚,法律上有哪些规定",0.494462343
其它,强奸未遂算不算犯法 ,0.494816033
特征,操纵期货市场罪构成要件具体规定?,0.494933319
量刑标准,构成销售伪劣兽药罪既遂怎么量刑?,0.495566376
量刑标准,女子盗窃罪如何处罚呢,0.496205263
特征,打扰问一下金融凭证诈骗罪的构成要件是什么,0.496685335
量刑标准,犯了决水罪怎么处罚?,0.498145642
量刑标准,"境外诈骗被抓了判多久,怎么规定的",0.498147255
量刑标准,"非法经营烟草罪如何罚,有哪些规定",0.498249264
量刑标准,根据刑法规定绑架罪既遂会判多久?,0.498513592
特征,投放危险物质罪的主体要件是什么?,0.498844629
量刑标准,窝藏、包庇罪既遂判刑标准多少年?,0.498982468
量刑标准,敲诈勒索寻衅滋事最少能判多长时间,0.499229933
量刑标准,"药贩子如何判刑的,法律怎么规定的",0.499240528
特征,铁路运营安全事故罪有哪些特征,0.499287712
量刑标准,"危险驾驶罪量刑规定?,有哪些规定",0.499488048
从属,打扰问一下遗弃伤病军人罪属于什么罪,0.499822756
概念,你好，麻烦问一下怎样解释盗掘古文化遗址、古墓葬罪的概念是什么,0.500042139
特征,冒昧问一下非法向外国人出售、赠送珍贵文物罪的构成要件是什么,0.50094557
量刑标准,你好关于非法狩猎罪的量刑是怎样的,0.501003273
其它,醉驾入刑的后果是什么,0.501036554
量刑标准,刑事销售假药罪既遂怎么量刑处罚?,0.501186773
概念,如何理解破坏广播电视设施、公用电信设施罪定义,0.501499112
其它,醉驾车辆会被监控几年,0.501861427
其它,初犯写成累犯的怎么办,0.502228731
法律条文,"滥用监护权有哪些行为,有哪些规定",0.50261386
其它,律师申请取保候审需要满足哪些条件,0.502699155
其它,得什么病可以不用坐牢,0.503186691
量刑标准,编造虚假恐怖信息罪法院会判多久?,0.503405229
其它,怎样确定无行为能力人的法定监护人,0.50363185
法律条文,上海单位诈骗立案标准,0.503772207
概念,请问解释一下失火罪是什么意思？,0.504503626
量刑标准,你好非法拘禁罪判多久,0.504523401
量刑标准,遗弃武器装备罪的处罚标准是什么?,0.504573418
量刑标准,"对单位行贿罪如何判刑,怎么规定的",0.504826999
量刑标准,律师你好，我问一下醉驾有哪些处罚,0.505188592
量刑标准,你好关于电信诈骗判刑标准是怎样的,0.50536314
量刑标准,您好非法侵入住宅罪怎么处罚,0.506341526
从属,非法出售增值税专用发票罪属于哪种罪名,0.507586229
其它,你好 我怀疑我被诈骗,0.508361366
特征,请教一下故意损毁文物罪的构成要件有哪些,0.509317462
其它,"盗窃可以凭监控定罪吗,有哪些规定",0.509425249
其它,什么是死刑缓期执行呢,0.509926759
概念,能否告知绑架罪定义的意思,0.509927021
法律条文,"醉驾撞车事故怎么处理,怎么规定的",0.510010812
特征,打扰问一下过失损坏易燃易爆设备罪如何认定,0.510558432
法律条文,甘肃省抢劫罪立案标准,0.510742609
量刑标准,请问行贿罪的刑罚规定,0.510772152
法律条文,请教一下非法买卖制毒物品罪有什么法条,0.511248101
法律条文,过失泄露国家秘密罪对应的法律依据有哪些,0.51146377
特征,网络侮辱罪要如何构成，有什么条件,0.511914819
特征,盗窃、抢夺武装部队公文、证件、印章罪的要件是什么,0.512411695
从属,请教一下枉法仲裁罪属于什么罪,0.513833389
量刑标准,聚众哄抢罪量刑标准是如何规定的?,0.51421808
从属,请问武器装备肇事罪是什么类别,0.514618098
量刑标准,销售劣药罪怎么判刑?,0.51475446
量刑标准,中国新刑法拒不执行裁定罪判几年?,0.515751927
其它,集资诈骗未遂怎样处理,0.515880086
量刑标准,刑法对逃避追缴欠税罪的定罪标准?,0.516239379
量刑标准,"危险驾驶罪怎么判,法律怎么规定的",0.516977754
量刑标准,偷盗人体器官如何定罪,0.517997174
量刑标准,"走私废物罪量刑处罚?,怎么规定的",0.518004299
法律条文,刑法电信诈骗立案标准,0.518951164
量刑标准,非法买卖危险物质罪既遂处罚标准?,0.518972933
量刑标准,利用迷信致人重伤罪处罚标准细分?,0.519004857
从属,生产、销售假药罪的上级罪名是什么,0.519369976
特征,请教一下虐待被监管人罪的要件是什么,0.519427619
其它,经侦科立案金额是多少,0.51972187
从属,你好非法持有毒品罪是哪种类型的罪名,0.519910033
特征,"怎样定合同诈骗罪,具体规定有哪些",0.520422348
法律条文,浙江非法侵占立案标准,0.52093793
其它,问一下买毒也会判刑吗,0.522403671
其它,邻里纠纷，被老人讹诈,0.522533816
概念,问一下能否告知故意延误投递邮件罪介绍,0.522932754
量刑标准,非法出租枪支罪既遂法院怎么量刑?,0.523185568
特征,您好聚众淫乱罪的构成要件是什么,0.523253578
其它,定罪不捕还需要判刑吗,0.523616526
其它,敲诈勒索既遂怎么处理,0.524765562
量刑标准,你好，麻烦问一下妨害国境卫生检疫罪判多久,0.524981356
量刑标准,非法销售假烟10万元一般要判多久,0.52519818
特征,请问对非国家工作人员行贿罪的构成要件有哪些,0.52546913
量刑标准,0.2克白粉判几个月,0.526339901
其它,未成年偷东西留案底吗,0.527083781
概念,冒昧问一下想了解聚众持械劫狱罪解释,0.527195049
量刑标准,组织出卖人体器官罪法院会判多久?,0.52730558
量刑标准,擅自出卖、转让国有档案罪怎么判刑,0.5275386
其它,价格欺诈的方面有哪些,0.527576445
从属,冒昧问一下组织播放淫秽音像制品罪属于哪类罪名,0.528121882
从属,请教一下徇私枉法罪的一级罪名是,0.528169367
其它,刑事案件，保健品诈骗,0.528894849
量刑标准,滥用职权罪量刑的标准,0.529209065
其它,死缓和无期徒刑的区别,0.529477507
量刑标准,变造企业债券罪既遂量刑标准细分?,0.529882006
量刑标准,非法买卖警用装备罪既遂量刑幅度?,0.53003569
特征,毁灭国家机关公文罪是如何构成的?,0.53026584
其它,扒窃属于治安还是刑事,0.530526108
其它,寻衅滋事多长时间结案,0.530690338
概念,你好解释解释非法生产、买卖军用标志罪是啥？,0.531118729
特征,构成非法持有弹药罪的条件有哪些?,0.531546125
量刑标准,组织残疾人、儿童乞讨罪既遂怎样判,0.532291401
量刑标准,寻衅滋事能否判处缓刑,0.533053608
其它,诈骗退赃款可以减刑吗,0.534329892
特征,你好，我想问一下怎么认定为强奸罪,0.53476423
量刑标准,刑法侵犯商业信誉既遂的量刑标准?,0.535573059
特征,刑法非法进行节育手术罪构成要件?,0.536126514
法律条文,什么标准下销售有毒食品罪才立案?,0.536168835
概念,冒昧问一下如何理解故意损毁名胜古迹罪的概念,0.536268554
概念,您好可以介绍为境外窃取、刺探、收买、非法提供军事秘密罪介绍,0.536551886
量刑标准,男子猥亵妇女的量刑标准是什么样的,0.536605733
法律条文,"参与故意伤害也犯罪吗,怎么规定的",0.53725978
量刑标准,第一次寻衅滋事怎么判,0.537511985
量刑标准,战时造谣惑众罪既遂具体量刑标准?,0.537514981
特征,构成容留他人吸毒罪的要件有哪些?,0.538185635
其它,刑事一年取保候审费用,0.539579571
从属,辩护人诉讼代理人毁灭证据伪造证据妨害作证罪属于什么罪,0.540181869
量刑标准,中国对倒卖文物罪既遂的量刑标准?,0.540272171
量刑标准,中国对战时残害居民罪的处罚标准?,0.540494967
量刑标准,酒驾致人死亡后逃逸处罚标准是什么,0.541095487
量刑标准,持有假币罪定刑标准?,0.541375978
其它,拘役三个月是不是坐牢,0.541486482
法律条文,构成侮辱国旗罪既遂会怎样追究责任,0.542929997
法律条文,您好投放虚假危险物质罪的法律依据是什么,0.544214861
量刑标准,侵占罪既遂怎么处罚?,0.544465043
概念,您好能否介绍一下商检徇私舞弊罪介绍,0.544483676
概念,你好，麻烦问一下可以问一下教育设施重大安全事故罪的概念,0.54477601
其它,主犯和共犯一样量刑吗,0.544780885
量刑标准,出售假币罪的最新判刑标准是什么?,0.544911011
量刑标准,一般过失致人重伤罪是怎么量刑的?,0.545316956
从属,制作、复制、出版、贩卖、传播淫秽物品牟利罪是哪种犯罪类型,0.546044967
量刑标准,非法拘禁罪既遂的处罚标准是什么?,0.546952366
其它,醉驾怎么才算证据不足,0.547243547
法律条文,非法买卖枪支罪的刑事责任是什么?,0.547456574
量刑标准,我国刑法对介绍贿赂罪的处罚规定?,0.547728845
其它,醉驾改酒驾有没有希望,0.547862008
量刑标准,非法私藏弹药罪既遂怎么处罚量刑?,0.549100965
法律条文,"抢夺多少财物构成犯罪,有哪些规定",0.549112479
量刑标准,构成破坏界碑、界桩罪一般会如何判,0.549455342
量刑标准,滥用管理公司职权罪法院会判多久?,0.549895167
法律条文,"诈骗是否刑事犯罪,具体规定有哪些",0.550600254
量刑标准,根据刑法规定走私文物罪会判多久?,0.55066415
其它,合同诈骗上诉是否有用,0.551309241
量刑标准,你好，问一下敲诈勒索一万元的量刑,0.552276313
量刑标准,无证驾驶醉驾有前科累犯判多少时间,0.552708233
量刑标准,构成盗窃爆炸物罪法院会如何量刑?,0.553233609
特征,哪些条件会构成生产并销售劣药罪?,0.554089741
其它,被骗1000元，有机会找回来吗？,0.554104138
法律条文,法律中规定的单位行贿的方式有哪些,0.554256837
量刑标准,阻碍解救被拐卖儿童罪一般判几年?,0.554379379
法律条文,非法侵入计算机信息系统罪对应的法律规定有哪些,0.554760821
特征,传授犯罪方法罪的犯罪构成有哪些?,0.556285427
量刑标准,强迫交易罪量刑的标准,0.556324722
从属,侮辱国旗、国徽罪是哪种犯罪类型,0.556813305
特征,交通肇事犯罪的犯罪构成是怎样的呢,0.557354718
量刑标准,销售公民个人信息罪既遂量刑标准?,0.557606437
量刑标准,新刑法破坏武器装备罪既遂怎么判?,0.559268921
其它,被造黄谣了报警有用吗,0.559439199
法律条文,故意伤害罪会被追究什么刑事责任?,0.55950657
特征,强奸罪的主体与客体?,0.559815624
其它,"共同犯罪应当如何处罚,有哪些规定",0.560208107
其它,非故意伤人需要赔偿吗,0.56080152
其它,刑法114条115条,0.561161323
其它,在外地判缓刑怎么回家,0.562625827
量刑标准,销售伪劣兽药罪既遂会判多长时间?,0.562921726
概念,请教一下可以介绍拐卖妇女、儿童罪是啥？,0.56426754
特征,构成走私国家物品罪的要求会有什么,0.564337776
特征,问一下扰乱无线电通讯管理秩序罪有什么特征,0.565657256
法律条文,"偷多少钱才算是盗窃罪,有哪些规定",0.565924955
其它,容留他人吸毒有缓刑吗,0.566003584
从属,问一下擅自设立金融机构罪属于什么犯罪类型,0.566388863
其它,监狱关押期间怎么减刑,0.566437419
其它,兰州无犯罪记录证明怎么在网上申请,0.568457627
概念,你好如何理解骗取出境证件罪解释,0.569486926
量刑标准,持有伪造的发票罪构成既遂怎么判?,0.569693747
量刑标准,毁灭国家机关公文罪量刑标准细分?,0.569887928
量刑标准,驾驶人员醉驾致死判刑具体多长时间,0.571546739
其它,"共同贪污罪的数额认定,有哪些规定",0.571784078
特征,如何判断是不是构成宣传传销活动罪,0.57228796
法律条文,您好丢失枪支不报罪对应的刑法条文有哪些,0.572360872
量刑标准,集资诈骗罪怎么处罚呢,0.572523957
量刑标准,非法私藏弹药罪既遂量刑标准细分?,0.573051605
量刑标准,妨害国境卫生检疫罪具体量刑标准?,0.573231619
特征,集资诈骗罪怎么认定,0.573332199
概念,招摇撞骗的意思是什么,0.573839189
特征,您好放纵走私罪的构成要件是什么,0.57446258
特征,非法种植毒品原植物罪的特征是什么,0.574501767
其它,轻伤害判刑后还赔偿吗,0.574863925
量刑标准,非法持有枪支投案自首怎样定罪量刑,0.575385211
量刑标准,犯了挪用特定款物罪既遂怎么判刑?,0.575733725
量刑标准,交通肇事罪的定罪量刑,0.576420937
量刑标准,买卖国家机关证件罪处罚标准细分?,0.576423461
量刑标准,非法购买增值税专用发票罪的量刑?,0.577104205
其它,收藏枪支会被判什么刑,0.577172357
量刑标准,"故意杀人未遂坐几年牢,有哪些规定",0.577222784
其它,我的手机被偷了怎么办,0.577523397
量刑标准,犯了投放虚假危险物质罪一般怎么判,0.577794835
其它,诈骗没到手算是既遂吗,0.578070131
法律条文,你好民事、行政枉法裁判罪的法律依据是什么,0.578259754
特征,如何确定构成伪造事业单位印章罪?,0.579977147
量刑标准,你好关于借银行卡给别人最高判几年,0.580329877
特征,问一下私分国有资产罪的特征是什么,0.580590602
量刑标准,构成操纵证券市场罪既遂怎么判刑?,0.58189581
特征,为境外窃取国家秘密罪由什么构成?,0.584307005
量刑标准,刑法对过失致人重伤罪的定罪标准?,0.58443877
量刑标准,生产伪劣种子罪既遂怎么定罪处罚?,0.585505803
法律条文,虚假出资罪立案标准是怎么规定的?,0.586521788
特征,招摇撞骗罪的主观方面与客观方面?,0.587783183
量刑标准,妨害公务罪会判多少年,0.587985179
法律条文,你好破坏计算机信息系统罪有哪些法条,0.588396032
其它,量刑会考虑家庭情况吗,0.588751124
量刑标准,非法经营药物怎么量刑,0.588806512
概念,背信损害上市公司利益罪是啥？,0.588966287
量刑标准,中国新刑法虚假广告罪既遂判几年?,0.589192293
其它,醉驾拘役期满后怎么办,0.590007205
从属,问一下违令作战消极罪是哪种类型的罪名,0.590528009
量刑标准,构成违规制造枪支罪一般会怎么判?,0.591492003
法律条文,安徽职务侵占立案标准,0.591492056
特征,资助危害国家安全犯罪活动罪的构成要件有哪些,0.591719187
法律条文,请教一下骗购外汇罪的相关法律规定是什么,0.592220945
法律条文,偷盗多少钱构成盗窃罪,0.592246409
其它,刑法将共同犯罪人分为,0.592422816
法律条文,你好，麻烦问一下资助危害国家安全犯罪活动罪的刑法条文是什么,0.593123162
量刑标准,买卖国家机关印章罪既遂量刑标准?,0.593130105
量刑标准,聚众斗殴重伤会拘留吗,0.593435793
法律条文,扰乱无线电通讯管理秩序罪立案标准,0.593613187
从属,请教一下非法持有毒品罪属于什么犯罪类型,0.593986693
其它,申请假释后多久能出狱,0.594286389
特征,隐瞒境外存款罪的犯罪构成有哪些?,0.594291536
特征,生产伪劣兽药罪构成要件具体规定?,0.596281446
量刑标准,帮助犯罪分子逃避处罚罪如何处罚?,0.59637113
从属,你好，麻烦问一下雇用童工从事危重劳动罪是哪种类型的罪名,0.596387329
特征,你好，麻烦问一下辩护人诉讼代理人毁灭证据伪造证据妨害作证罪的四要件是什么,0.597245286
概念,您好解释一下逃避商检罪的概念是什么,0.597848844
法律条文,武器装备肇事罪对应的刑法条文有哪些,0.598160949
量刑标准,容留他人赌博判刑多久,0.600604414
量刑标准,我想了解一下窝赃罪量刑标准是多久,0.600863972
特征,出具证明文件重大失实罪构成要件?,0.601141151
概念,请教一下解释解释保险诈骗罪是什么意思？,0.601256236
量刑标准,刑事内幕交易罪既遂怎么量刑处罚?,0.601548138
量刑标准,隐私视频发到我通讯录盗取了我通讯,0.601683611
量刑标准,交通事故肇事逃逸怎么判刑很严重吗,0.602308072
法律条文,湖南抢夺罪的立案标准,0.602337064
其它,取保候审会留有案底吗,0.602456311
量刑标准,非法供应血液事故罪既遂怎么处罚?,0.603299171
量刑标准,破坏界碑罪会怎么处罚,0.603844242
特征,组织会道门致人重伤罪由哪些构成?,0.605115799
量刑标准,问一下个人参与网络上赌博怎么处罚,0.605663886
法律条文,什么行为会触犯盗窃罪,0.605850737
量刑标准,刑法上对于强奸罪的处罚具体是什么,0.605963629
法律条文,抽逃出资罪立案标准是怎么规定的?,0.606216316
量刑标准,非法批准征收土地罪既遂如何处罚?,0.606740084
概念,打扰问一下能否介绍一下非法向外国人出售、赠送珍贵文物罪定义,0.606851977
其它,手机上输了两万多骗了,0.607022505
法律条文,构成猥亵儿童罪既遂会怎么追究责任,0.607239137
量刑标准,犯了徇私舞弊抵扣税款罪怎么处罚?,0.6081737
法律条文,偷窃没有证据会判刑吗,0.608897891
法律条文,冒昧问一下擅自发行股票、公司、企业债券罪对应的法律规定有哪些,0.609415197
量刑标准,不解救被拐卖、绑架妇女、儿童罪的处罚是什么,0.609806306
量刑标准,"酒驾是否会被判刑,具体规定有哪些",0.610166137
量刑标准,受贿罪处罚标准细分?,0.611433538
量刑标准,我国刑法对偷窃罪既遂的处罚规定?,0.611651323
其它,判刑了罚金什么时候给,0.611751438
法律条文,冒昧问一下组织淫秽表演罪有什么法条,0.612235058
其它,过失犯罪都有什么情况,0.613090495
特征,"行贿罪具体构成要件?,有哪些规定",0.613390561
法律条文,虚假破产罪既遂的刑事责任是什么?,0.613472885
其它,过失犯罪存不存在转化,0.613581022
量刑标准,"偷小孩的被打死怎么判,怎么规定的",0.613723921
量刑标准,"失火烧山怎样判刑,具体规定有哪些",0.613847484
量刑标准,请问恶意欠薪罪的量刑,0.614558024
法律条文,"扣押毒品的程序,法律的规定是什么",0.614709444
特征,什么是非法出租枪支罪的构成要件?,0.614931018
特征,买卖国家机关公文罪具体构成要件?,0.614938665
量刑标准,犯了操纵证券市场罪怎么量刑处罚?,0.615075484
其它,保外就医的条件和程序,0.615491754
特征,出售出入境证件罪的四要件是哪些?,0.615802531
法律条文,诈骗多少金额可以判刑,0.616422732
量刑标准,"绑架伤害他人怎么处罚,怎么规定的",0.617409157
概念,什么是金融凭证诈骗罪,0.619001146
量刑标准,构成敲诈勒索罪既遂一般会怎么判?,0.620438352
其它,交通肇事逃逸罪与交通肇事罪的区别,0.62079439
特征,请教一下伪造、倒卖伪造的有价票证罪的构成要件是什么,0.621859952
特征,贷款诈骗罪的要件是什么,0.622033582
法律条文,请问聚众淫乱罪对应的法条有哪些,0.622235532
其它,网上收款转账是洗钱吗,0.622324583
其它,醉驾99.8会被拘留,0.62233748
特征,打扰问一下生产、销售不符合卫生标准的化妆品罪的要件有哪些,0.622626919
其它,盗窃未遂会网上追逃吗,0.623140987
量刑标准,帮助毁灭、伪造证据罪量刑是怎样的,0.62339401
其它,"交通肇事罪是不是缓刑,怎么规定的",0.62340193
量刑标准,买卖国家机关印章罪会判多长时间?,0.623580858
量刑标准,问一下持枪绑架的量刑,0.623618778
量刑标准,法院对生产伪劣化肥罪的裁量标准?,0.62377856
从属,你好非法猎捕、杀害珍贵、濒危野生动物罪是什么类别,0.623913773
量刑标准,侵犯公民个人信息罪最多判多少年?,0.624870796
量刑标准,强奸罪既遂的最新处罚标准是什么?,0.625639668
法律条文,吉林省的诈骗立案标准,0.625890855
其它,网上被骗，有转账记录,0.625943759
量刑标准,中国对宣传传销活动罪的量刑标准?,0.626608854
量刑标准,故意杀人会判处死刑吗,0.626671921
量刑标准,刑法对故意杀人罪既遂的定罪标准?,0.627749452
概念,请教一下解释解释危险驾驶罪是啥？,0.62861739
量刑标准,非法走私制毒物品罪既遂量刑指南?,0.628828879
量刑标准,非法出卖武器装备罪既遂如何判刑?,0.630114569
量刑标准,构成票据诈骗罪既遂一般会怎么判?,0.630290548
法律条文,股票诈骗罪刑事责任应该怎么承担?,0.630545232
量刑标准,"滴滴车司机杀人如何判,怎么规定的",0.630548047
特征,执行判决、裁定失职罪怎么构成的?,0.630794624
量刑标准,醉酒驾驶碰车怎么处罚,0.630972923
量刑标准,聚众赌博拘留多长时间,0.632254442
其它,第一次醉驾第二次酒驾是否构成累犯,0.632306818
其它,"聚众赌博会构成犯罪吗,有哪些规定",0.632497536
其它,报案诈骗能追回多少？,0.633148157
量刑标准,"骗购外汇罪如何处罚?,怎么规定的",0.633700352
量刑标准,犯了掩饰犯罪所得罪怎么量刑处罚?,0.633949719
其它,正当防卫杀了人怎么办,0.634460586
量刑标准,中国对宣传传销活动罪的处罚标准?,0.634498719
量刑标准,根据刑法规定滥伐林木罪会判多久?,0.634880886
概念,冒昧问一下解释一下走私淫秽物品罪是什么意思？,0.635734298
概念,想了解非法出售增值税专用发票罪的概念,0.635799259
量刑标准,"误伤判刑多少年,法律是如何规定的",0.636979767
法律条文,北海诈骗金额立案标准,0.636995924
其它,盗窃证据不足怎么处理,0.638092032
其它,累犯是否必须要实刑呢,0.63861823
概念,打扰问一下解释一下盗窃、抢夺武器装备、军用物资罪的概念,0.639217603
特征,非法获取公民个人信息罪构成要素?,0.640385439
法律条文,"醉酒驾驶怎样处理,具体规定有哪些",0.640650157
量刑标准,危险驾驶罪量刑规定?,0.642022667
法律条文,非法转让、倒卖土地使用权罪对应的法律条文有哪些,0.642457309
其它,哪些人可以委托辩护人,0.6437409
量刑标准,"抢劫杀人怎么处罚,法律怎么规定的",0.644627504
法律条文,什么标准下非法私藏弹药罪才立案?,0.644998398
量刑标准,非法批准占用土地罪既遂量刑处罚?,0.645572107
量刑标准,你好关于打伤别人轻伤二级要判多久,0.645594954
法律条文,冒昧问一下假冒专利罪有哪些法律条文,0.64564978
其它,帮信罪可以开银行卡吗,0.645943355
量刑标准,聚众斗殴没动手怎么判,0.646435585
特征,请问背叛国家罪的要件有哪些,0.646622002
量刑标准,刑法对骗取出口退税罪的定罪标准?,0.646931609
概念,能否告知投降罪是什么意思？,0.647066387
法律条文,违法发放林木采伐许可证罪有哪些法律条文,0.648590331
其它,"犯出售假币罪严重吗?,有哪些规定",0.648641893
其它,判刑人员对子女的影响,0.648740158
其它,我妈拿棍子打我违法吗,0.649078541
其它,猬亵儿童罪需什么证据,0.64941201
其它,假释后会被重新收监吗,0.649915549
量刑标准,非法获取国家秘密罪怎么判刑,0.650190378
从属,冒昧问一下骗取出境证件罪的一级罪名是,0.650521842
其它,抢劫立案需要什么证据,0.65067294
其它,车祸造成死亡会判刑吗,0.650883273
量刑标准,你好，问一下电信网络诈骗会如何判,0.65094405
其它,刑事拘留会不会上案底,0.652466371
量刑标准,故意伤害轻伤能判几年,0.653976427
法律条文,经济诈骗罪的立案标准,0.654022953
从属,高利转贷罪属于哪类罪名,0.65436517
量刑标准,过失杀人自首判多少年,0.654416136
从属,请教一下非法经营同类营业罪属于什么犯罪类型,0.654487155
量刑标准,法院对非法储存枪支罪的裁量标准?,0.655200174
从属,擅自出卖、转让国有档案罪属于什么罪,0.655408464
其它,犯罪预备可以判无罪吗,0.655712645
特征,"合同诈骗罪主体是什么,怎么规定的",0.655722093
概念,您好能否介绍一下聚众斗殴罪定义的意思,0.655893011
量刑标准,恶意撞死2人怎么判刑,0.655980598
其它,手机在派出所多久归还,0.656210174
概念,组织卖淫罪的概念,0.657544968
量刑标准,金融工作人员购买假币罪量刑处罚?,0.658054908
量刑标准,聚众斗殴主参与者跑了主犯如何判刑,0.659052891
量刑标准,故意销毁会计账簿罪处罚标准细分?,0.659237643
特征,你好，麻烦问一下拒绝提供间谍犯罪证据罪的要件有哪些,0.65947145
其它,车祸没钱赔该怎么判刑,0.662282967
其它,过失犯罪不成立累犯吗,0.662796685
其它,过失犯罪缓刑有工作吗,0.663711881
特征,你好，麻烦问一下私分罚没财物罪的构成要件有哪些,0.663881411
其它,服刑期又犯罪如何处罚,0.664216658
其它,判缓刑可以外出打工吗,0.664318661
量刑标准,虚假破产罪量刑指南?,0.66487006
法律条文,四川省诈骗的立案标准,0.665461219
量刑标准,损害商业信誉、商品声誉罪的量刑?,0.666777658
量刑标准,协助组织卖淫罪既遂怎么定罪处罚?,0.666786883
其它,做公司假账贪污被发现,0.666812055
其它,大义灭亲是故意杀人吗,0.667490304
量刑标准,未成年教唆犯如何定罪,0.668205097
量刑标准,职务犯罪最新量刑标准,0.668892377
量刑标准,我想了解一下食品安全罪的量刑标准,0.669113636
法律条文,操纵期货市场罪的刑事责任是什么?,0.669335364
法律条文,行贿罪罚金的法律规定,0.669359874
法律条文,打扰问一下非法向外国人出售、赠送珍贵文物罪有什么相关法律规定,0.670267103
量刑标准,构成买卖身份证件罪既遂怎么量刑?,0.670516572
概念,问一下强奸罪的概念,0.670808044
其它,侵占罪可以转为公诉吗,0.67178756
量刑标准,国有事业单位人员失职罪如何处罚?,0.672586447
特征,窝藏罪的犯罪构成要件具体有哪些?,0.673360632
量刑标准,诈骗7500元判几年,0.673736446
量刑标准,中国对走私制毒物品罪的判刑标准?,0.673790336
量刑标准,寻衅滋事累犯怎么量刑,0.674608842
量刑标准,最新刑法变造金融票证罪量刑标准?,0.676338648
其它,立案后找人可以撤案吗,0.677116428
其它,缓刑犯可以构成累犯吗,0.67775749
从属,打扰问一下过失泄露国家秘密罪属于哪类罪名,0.677793084
量刑标准,一般票据诈骗罪既遂是怎么处罚的?,0.678267525
其它,拘役管制是有期徒刑吗,0.678453567
法律条文,"诈骗的主要形式有哪些,怎么规定的",0.678675041
特征,销售有毒食品罪需要哪些犯罪构成?,0.67931108
从属,请问非法处置进口的固体废物罪的一级罪名是,0.679431408
量刑标准,虚开抵扣税款发票罪既遂怎么处罚?,0.679671473
量刑标准,侵占罪具体量刑标准?,0.680112881
量刑标准,间谍罪量刑标准是什么,0.68073165
法律条文,滥用管理公司职权罪最新立案标准?,0.681022538
其它,我在网上被诈骗30万,0.681524867
其它,网络赌博银行卡冻结了,0.68162737
量刑标准,犯了破坏易燃易爆设备罪怎么处罚?,0.682829116
量刑标准,受贿罪的具体量刑标准,0.683139583
特征,满足什么要件构成供应血液事故罪?,0.683592638
法律条文,盗窃、抢夺枪支、弹药、爆炸物、危险物质罪的相关法律规定是什么,0.683696697
特征,骗取票据承兑罪的犯罪构成有哪些?,0.684120922
特征,领导恐怖组织罪的构成要件是什么?,0.685948776
其它,价值399的篮球被偷,0.686549107
法律条文,"多少人算聚众赌博,法律怎么规定的",0.686740364
量刑标准,买卖国家机关公文罪处罚标准细分?,0.686759908
特征,过失致人死亡罪具体有什么法律特征,0.68682742
量刑标准,你好破坏武器装备、军事设施、军事通信罪的量刑标准是什么,0.687118192
量刑标准,"信用贷款不还怎么量刑,有哪些规定",0.687884014
特征,执行判决失职罪的构成要件有哪些?,0.688511963
特征,破坏公用电信设施罪具体构成要件?,0.689539656
量刑标准,犯了非法邮寄弹药罪既遂怎么处罚?,0.689562506
法律条文,问一下合同诈骗罪的法律条文是什么,0.689752839
量刑标准,犯了过失致人重伤罪既遂怎么处罚?,0.690345672
概念,请问战时自伤罪的意思,0.691078601
量刑标准,倒卖武器装备罪量刑最新法律规定?,0.691896694
量刑标准,中国对徇私舞弊假释罪的判刑标准?,0.69301639
特征,"生产有害食品罪构成?,怎么规定的",0.693488066
从属,打扰问一下滥伐林木罪的上级罪名是什么,0.694527672
量刑标准,"强制猥亵罪量刑指南?,有哪些规定",0.69460422
概念,你好解释解释执行判决、裁定失职罪定义的意思,0.69486147
其它,打架怎么才算正当防卫,0.69523823
法律条文,集资诈骗罪立案标准?,0.695617645
量刑标准,非国家工作人员受贿罪既遂判几年?,0.695704136
其它,微信举报诈骗能退钱吗,0.695906821
量刑标准,战时残害居民罪的处罚标准是什么?,0.69655845
量刑标准,教唆他人吸毒罪既遂具体量刑标准?,0.696796662
量刑标准,诽谤罪导致他人失业法院会如何判刑,0.697528489
量刑标准,"非法拘禁罪的刑罚时间,怎么规定的",0.698631625
量刑标准,变造公司债券罪既遂怎么处罚量刑?,0.698823461
量刑标准,"生产假药罪量刑处罚?,有哪些规定",0.699377052
量刑标准,隐瞒犯罪所得罪既遂法院怎么量刑?,0.699756674
量刑标准,中国对抢夺危险物质罪的处罚标准?,0.701238465
特征,"计算机犯罪特点有哪些,怎么规定的",0.701904547
其它,刑事诉讼参与人有哪些,0.702931871
量刑标准,冒昧问一下传染病防治失职罪怎么判刑,0.703510634
法律条文,我国刑法对非法行医罪的立案规定?,0.703523273
其它,刑拘在逃不自首会怎样,0.703791448
概念,问一下想了解抢夺罪定义的意思,0.70382909
量刑标准,滥用职权受贿贪污的会数罪并罚吗？,0.704188876
特征,不解救被拐卖儿童罪的构成四要素?,0.704566187
法律条文,做假的公证书要判刑吗,0.70548589
量刑标准,擅自发行股票债券罪既遂怎么处罚?,0.705504559
量刑标准,犯了变造金融票证罪怎么量刑处罚?,0.705623676
量刑标准,新刑法私分国有资产罪既遂怎么判?,0.705733504
量刑标准,抢劫120万判多少年？是要怎样？,0.705811699
量刑标准,一般信息披露违规罪是怎么处罚的?,0.705959324
从属,背信运用受托财产罪属于什么罪,0.706277158
法律条文,拐骗儿童罪立案标准是怎么规定的?,0.706344817
法律条文,单位受贿罪的立案标准是怎么样的?,0.706433962
其它,判三年半多久可以假释,0.706719364
量刑标准,请教一下非法使用窃听、窃照专用器材罪判多久,0.706902034
特征,怎么样才构成国有企业人员失职罪?,0.708303277
法律条文,请教一下挪用资金罪有哪些法律依据,0.708837336
其它,"诈骗罪如何追款,法律上有哪些规定",0.708850555
特征,抢劫弹药罪的构成要件主要有哪些?,0.708937886
从属,您好强迫卖血罪是什么类型的罪名,0.70903099
其它,刑事案件私了可反悔吗,0.711662243
概念,网络诈骗的概念是怎样的呢？？？？,0.711737089
量刑标准,非法生产制毒物品罪既遂量刑规定?,0.711792198
其它,嫖娼事后被抓6876,0.712296698
量刑标准,驱逐出境的量刑适用范围具体是什么,0.712324959
概念,持有、使用假币罪介绍,0.7125814
其它,寻衅滋事累犯可取保吗,0.714306955
其它,遇到传销的该如何处理,0.714580165
量刑标准,151酒精含量怎么判,0.714641679
特征,变造股票债券罪构成要件具体规定?,0.714751516
量刑标准,变造国家机关印章罪会判多长时间?,0.714804418
特征,采集血液事故罪的构成要件有哪些?,0.715043173
法律条文,"恶犬伤人怎么办,法律的规定是什么",0.715117405
量刑标准,你好，麻烦问一下非法捕捞水产品罪的刑期是多久,0.715225432
量刑标准,"拐卖人口怎么量刑,法律怎么规定的",0.715665069
其它,被男朋友打了，报警要做牢还是拘留,0.715868141
其它,网上诈骗如何网上报警,0.71590903
特征,铁路运营安全事故罪的要件是什么,0.716659755
量刑标准,违规出具金融票证罪既遂怎么量刑?,0.716673238
法律条文,请问侮辱罪的“情节严重”怎么认定,0.716780242
其它,孕妇取保候审最长多久,0.716928002
量刑标准,诱骗投资者买卖证券、期货合约罪判多长时间,0.716985081
量刑标准,侵占罪量刑标准细分?,0.7174249
其它,投案自首可以减刑多少,0.717622583
其它,你好 检察院退赃 然后法院交罚金,0.718317903
量刑标准,对违法票据付款罪既遂一般判几年?,0.718532325
其它,"未成年教唆犯如何定罪,怎么规定的",0.718883793
其它,聚众斗殴罪发生的财产损失由谁负责,0.718990997
量刑标准,欺诈罪量刑标准是什么,0.719044594
其它,使用震楼器能判刑吗？,0.719308124
其它,聚众斗殴罪中有从犯吗,0.720516529
其它,请问一下检察院起诉会给家属通知吗,0.720784087
特征,请教一下采集、供应血液、制作、供应血液制品事故罪有哪些特征,0.721027743
特征,你好擅自进口固体废物罪有什么特征,0.721122542
其它,判决书下来多久送监狱,0.721535342
特征,请教一下聚众阻碍解救被收买的妇女、儿童罪的四要件是什么,0.721752162
其它,网上赌博，可以参军吗,0.722388032
量刑标准,我想咨询一下职务侵占罪的刑罚标准,0.723943026
量刑标准,刑事生产伪劣种子罪怎么量刑处罚?,0.724665681
概念,解释解释非法处置进口的固体废物罪是啥意思,0.724895059
量刑标准,"刑法绑架罪判多长时间,怎么规定的",0.725761548
量刑标准,交通肇事罪中的重大事故怎么量刑的,0.725857745
法律条文,伪造、倒卖伪造的有价票证罪对应的刑法条文有哪些,0.726878909
法律条文,喝多少酒才算醉酒驾驶,0.726913905
法律条文,强迫交易罪数额是多少,0.728922442
量刑标准,"无期徒刑能判缓吗,法律怎么规定的",0.729412911
量刑标准,法院对暴力取证罪既遂一般会判几年,0.729606962
法律条文,问一下非法制造、出售非法制造的用于骗取出口退税、抵扣税款发票罪有哪些法律条文,0.729911762
其它,国际刑事案件管辖权的范围是怎样的,0.729916944
特征,构成组织黑社会性质组织罪的要件?,0.730251997
量刑标准,涉嫌诈骗25万元左右，量刑是多少,0.730608079
特征,什么是过失致人重伤罪的构成要件?,0.731726468
量刑标准,中国刑法非法持有毒品罪怎么量刑?,0.732407063
法律条文,浙江绍兴诈骗立案标准,0.73335893
量刑标准,抗税罪既遂如何判刑?,0.733935912
量刑标准,你好关于单位受贿罪既遂该怎么处罚,0.734252946
特征,擅自进口固体废物罪是如何构成的?,0.734474042
量刑标准,构成利用影响力受贿罪一般会怎样判,0.735910709
从属,你好，麻烦问一下破坏电力设备罪的上级罪名是什么,0.736085182
法律条文,"敲诈勒索罪多少钱立案,有哪些规定",0.736709331
量刑标准,故意伤害他人怎么处罚,0.737194169
量刑标准,最新刑法武器装备肇事罪量刑标准?,0.73854951
从属,打扰问一下故意毁坏财物罪属于哪种罪名,0.738590577
特征,冒昧问一下帮助信息网络犯罪活动罪如何认定,0.738952271
其它,死缓一般情况能减刑吗,0.739000511
法律条文,共同贪污罪的数额认定,0.73970594
法律条文,"走私会犯什么罪,法律的规定是什么",0.740054186
量刑标准,伪造金融机构批准文件罪判刑规定?,0.740172845
其它,考研作弊是否属于犯罪,0.740450938
量刑标准,背信运用受托财产罪最多判多少年?,0.740839491
概念,冒昧问一下可以介绍非法处置查封、扣押、冻结的财产罪的概念是什么,0.742644104
法律条文,打扰问一下违法提供出口退税凭证罪的法律依据是什么,0.742675326
量刑标准,生产伪劣化肥罪既遂法院怎么量刑?,0.743563471
量刑标准,中国对强制猥亵罪既遂的判刑标准?,0.745606926
其它,双方聚众斗殴怎么处理,0.745621901
量刑标准,走私制毒物品罪怎么判,0.746569742
从属,引诱、教唆、欺骗他人吸毒罪是哪种犯罪类型,0.747386971
量刑标准,提供虚假证明文件罪既遂判刑标准?,0.747655608
量刑标准,妨害动物检疫罪既遂判刑标准细分?,0.747928849
特征,诽谤罪的特征是什么,0.749056156
其它,网赌输钱可以整回来么,0.749754367
特征,非法搜查罪构成要件?,0.749825689
其它,伪证罪的犯罪主体是谁,0.75052936
其它,偷窥未遂会被拘留的吗,0.751397764
法律条文,达到什么标准拐骗儿童罪才能立案?,0.752803037
其它,附加刑中没收财产的适用对象有哪些,0.753431835
量刑标准,"多人盗窃怎么量刑,具体规定有哪些",0.754034391
其它,强奸犯十年以上可以保,0.754500674
从属,请问职务侵占罪属于什么罪,0.755713475
特征,请问信用卡诈骗罪的特征是什么,0.756306196
量刑标准,犯了聚众持械劫狱罪既遂怎么处罚?,0.756383249
其它,网逃取保后多久能撤网,0.756437845
从属,问一下侵犯通信自由罪属于哪种罪名,0.757102871
量刑标准,构成销售伪劣种子罪既遂怎么量刑?,0.757349999
法律条文,打扰问一下妨害作证罪有什么相关法律规定,0.759887794
量刑标准,抢夺武器装备罪既遂处罚标准细分?,0.760019552
其它,我的狗被偷了怎么办？,0.76053452
法律条文,抗税罪的法律条文是什么,0.760665473
法律条文,安徽保险诈骗立案标准,0.761105097
量刑标准,非法运输爆炸物罪量刑有什么标准?,0.762090717
其它,如果有病的能判暖刑吗,0.764138491
量刑标准,"构成窝藏罪怎么量刑?,有哪些规定",0.764657266
特征,参加恐怖组织罪需要哪些犯罪构成?,0.765025745
其它,网货被骗有没有追回的,0.76560903
量刑标准,隐瞒境外存款罪既遂怎么处罚量刑?,0.765852051
其它,行事拘留肯定会判刑吗,0.767071638
其它,房屋被侵占属于刑事吗,0.767316825
量刑标准,销售伪劣农药罪量刑最新法律规定?,0.768303946
量刑标准,根据刑法规定内幕交易罪会判多久?,0.768434758
量刑标准,酒驾驾肇事逃逸怎么判,0.768518474
其它,买野生保护动物放生的行为怎么认定,0.768753754
量刑标准,问一下妨碍公务罪量刑,0.769838825
其它,刑满释放后有什么限制,0.770071009
其它,偏执分裂症杀人有罪吗,0.770401422
其它,转发500次入刑标准,0.771883618
量刑标准,中国对持有假币罪既遂的量刑标准?,0.771979501
其它,跨境赌博钱能要回来吗,0.772131915
量刑标准,"敲诈勒索既遂如何处罚,有哪些规定",0.772916914
概念,请教一下怎样解释非法处置进口的固体废物罪介绍,0.773008281
量刑标准,伪造、变造国家有价证券罪怎么判?,0.774465059
量刑标准,公然侮辱烈士的量刑标准是什么样的,0.775261322
量刑标准,犯了信息披露违规罪既遂怎么处罚?,0.775836842
特征,"如何认定强奸成立,具体规定有哪些",0.776087611
其它,绑架没拿到属于既遂吗,0.779289725
其它,检察院取保候审与缓刑的规定有哪些,0.779601934
量刑标准,构成抗税罪怎么判刑?,0.779747559
特征,生产伪劣种子罪需要哪些犯罪构成?,0.780207822
量刑标准,间谍罪既遂怎么量刑?,0.780364019
其它,醉酒驾驶非机动车追尾会有什么处罚,0.781062261
量刑标准,"指使他人打人怎么判刑,有哪些规定",0.781133229
其它,一般刑事案件开庭几次,0.781385906
其它,想找广西刑事案件的律师可否推荐？,0.78259497
法律条文,合同诈骗江苏立案标准,0.783131536
法律条文,中国刑法破坏交通工具罪怎么立案?,0.783151564
量刑标准,受贿罪既遂判刑标准是如何规定的?,0.783337935
法律条文,问一下铁路运营安全事故罪有什么刑法条文,0.783643525
概念,能否介绍一下妨害作证罪解释,0.784099037
量刑标准,中国对违法运用资金罪的判刑标准?,0.78421829
特征,危险驾驶罪的四个构成要件是什么?,0.784441861
特征,销售伪劣种子罪的构成特征有哪些?,0.784874916
量刑标准,醉驾什么情况下会拘留,0.784930181
特征,"逃税罪构成要件有哪些,怎么规定的",0.785087505
法律条文,四川职务侵占立案标准,0.785489255
其它,拿刀行凶未遂够拘留吗,0.786487703
法律条文,包庇、纵容黑社会性质组织罪有什么法律依据,0.787350373
量刑标准,中国对生产有害食品罪的处罚标准?,0.787656424
量刑标准,"劫持航空器罪判多久?,有哪些规定",0.788792232
量刑标准,交通肇事逃逸会怎么判,0.788802638
量刑标准,参与网络赌搏最大判刑,0.788967053
其它,刑事诉讼法辨认制度的内容是怎样的,0.789356593
其它,房东挪用垫资款犯罪吗,0.789873831
量刑标准,寻衅滋事罪量刑的标准,0.790243983
其它,找不到嫌疑人能立案吗,0.790437853
量刑标准,犯了引诱卖淫罪既遂怎么量刑处罚?,0.790512206
法律条文,"盗窃罪是行为犯吗,具体规定有哪些",0.790592281
从属,擅自出卖、转让国有档案罪属于哪类罪名,0.790604945
特征,问一下战时造谣惑众罪的构成要件有哪些,0.790946373
概念,醉酒驾驶的概念是什么,0.791162352
其它,公诉科会不会建议缓刑,0.791302821
特征,问一下破坏监管秩序罪的四要件是什么,0.791429558
量刑标准,背信损害上市公司利益罪会如何判刑,0.792396754
量刑标准,"醉酒驾驶撞死人怎么判,怎么规定的",0.793478422
量刑标准,你好，麻烦问一下包庇、纵容黑社会性质组织罪的量刑是什么,0.794276426
量刑标准,追诉时效是指实际判决的有期徒刑吗,0.794640355
从属,请问伪证罪属于什么罪,0.794679784
概念,问一下解释一下破坏交通设施罪定义的意思,0.795096039
其它,公司吸收合并基本程序,0.796042639
概念,请问解释解释走私淫秽物品罪是什么意思？,0.796880903
法律条文,黑龙江省盗窃立案标准,0.797517338
量刑标准,危险驾驶罪有几种判罚,0.797541059
量刑标准,销售侵权复制品罪该怎么判,0.798413731
法律条文,危险驾驶罪会被追究什么刑事责任?,0.798598953
量刑标准,隐瞒境外存款罪既遂判刑标准是什么,0.798885235
量刑标准,聚众斗殴罪的法律后果,0.7991538
法律条文,故意杀人罪既遂刑事责任如何追究?,0.799172439
量刑标准,我想了解一下诽谤污蔑罪的量刑标准,0.799401354
特征,怎样才会构成非法出租、出借枪支罪,0.799875311
量刑标准,你好窃取、收买、非法提供信用卡信息罪的量刑是什么,0.799928662
特征,什么条件下才会构成抢劫爆炸物罪?,0.800631491
特征,传播淫秽物品罪的构成要件是什么,0.801429666
概念,你好如何理解非法吸收公众存款罪的概念是什么,0.802068893
其它,刑事拘役会保留案底吗,0.802623783
法律条文,你好，麻烦问一下抗税罪有哪些法律条文,0.803213352
量刑标准,你好煽动分裂国家罪的处罚标准是什么,0.806287854
其它,我是取保候审人员，去外地能去吗？,0.806351971
量刑标准,变造国家机关印章罪既遂怎么判刑?,0.80644744
量刑标准,擅自发行公司债券罪最多判多少年?,0.809310349
其它,十六岁故意放火需要负刑事责任吗？,0.809408324
量刑标准,请教一下破坏易燃易爆设备罪判多久,0.809963138
量刑标准,"杀死人犯包庇罪怎么判,有哪些规定",0.810023425
从属,请问传染病菌种、毒种扩散罪属于什么罪,0.810393169
量刑标准,破坏界碑、界桩罪的刑法裁量规定?,0.810843067
法律条文,浙江诈骗罪的立案标准,0.810874583
其它,缓刑量刑的特点有哪些,0.811653746
量刑标准,"偷窃公司财产怎么判刑,怎么规定的",0.813686199
量刑标准,构成诽谤罪怎么判刑?,0.817204344
其它,租的电车被偷了用赔吗,0.817901476
量刑标准,投放危险物质罪既遂怎么定罪处罚?,0.818490222
其它,"洗钱跑分怎样定罪,法律怎么规定的",0.818518521
其它,"判刑五年一般多久出来,怎么规定的",0.818537938
量刑标准,包庇杀人犯罪怎么判刑,0.81859396
法律条文,"抢劫案怎么才可以立案,怎么规定的",0.818776533
量刑标准,一般违法发放贷款罪是怎么处罚的?,0.819264542
量刑标准,问一下走私废物罪的刑期是多久,0.820081686
量刑标准,构成危险物品肇事罪既遂怎么量刑?,0.820302516
量刑标准,擅自设立金融机构罪既遂处罚标准?,0.820561025
其它,"酒驾和醉驾有哪些区别,怎么规定的",0.821393339
量刑标准,构成盗窃危险物质罪既遂怎么处罚?,0.821704303
法律条文,"故意杀人判死刑的条件,有哪些规定",0.821722631
其它,免除刑事责任还有罪吗,0.821823421
量刑标准,"卖假烟怎么量刑,法律是如何规定的",0.823537393
其它,走私罪可以判处缓刑吗,0.823547163
其它,醉驾出事故扣车期限最长是多长时间,0.826497655
特征,倒卖文物罪的构成要件主要有哪些?,0.826800283
量刑标准,合伙走私并贩卖武器罪既遂判多久?,0.826860991
其它,伪造合同章属于什么罪,0.826962605
特征,您好出售、购买、运输假币罪的要件是什么,0.827118811
概念,如何理解过失泄露国家秘密罪解释,0.82749304
特征,伪造国家机关公文罪是如何构成的?,0.828185171
法律条文,过失损毁文物罪有什么法律条文,0.82822903
法律条文,变造货币罪判刑标准?,0.828845633
法律条文,湖南赌博刑事立案标准,0.830216157
量刑标准,中国刑法强迫卖淫罪既遂怎么量刑?,0.830456745
量刑标准,徇私舞弊不征税款罪判刑最新规定?,0.830699833
量刑标准,非法经营烟草罪怎么罚,0.830745723
量刑标准,变造国家机关印章罪法院会判多久?,0.831547291
其它,造谣污蔑他人是什么罪,0.832138641
量刑标准,帮别人洗钱获取5千块钱，要判几年,0.833046052
量刑标准,"摩托车醉驾初犯怎么判,怎么规定的",0.833303121
特征,怎样才构成失职造成珍贵文物流失罪,0.833391448
量刑标准,抢夺国家机关证件罪既遂如何量刑?,0.834185116
法律条文,违法提供出口退税凭证罪对应的法律依据有哪些,0.834417812
法律条文,妨害公务罪的行为表现,0.834426347
量刑标准,"销赃罪怎么判刑,法律上有哪些规定",0.834575267
其它,传播淫秽物品被刑事拘留一个星期了,0.834682668
法律条文,虚开发票罪会被追究什么刑事责任?,0.834799795
量刑标准,滥用公司证券职权罪既遂处罚规定?,0.834839986
法律条文,你好，麻烦问一下遗弃武器装备罪对应的法律依据有哪些,0.834841768
特征,故意损毁文物罪的犯罪构成是什么?,0.835435844
法律条文,集资诈骗罪会被追究什么刑事责任?,0.835789657
量刑标准,刑法盗掘古文化遗址罪的量刑标准?,0.835912193
其它,"假释家属需要什么手续,有哪些规定",0.836043988
量刑标准,失火罪具体量刑标准?,0.836048647
从属,您好强迫卖血罪属于什么罪,0.836272983
特征,非法出借枪支罪需要哪些构成要件?,0.836927245
法律条文,滥伐林木罪立案标准?,0.83721975
法律条文,"北京侵占罪多少钱立案,怎么规定的",0.837312861
其它,侵占物品是否属了犯罪,0.837662762
概念,请教一下走私淫秽物品罪介绍,0.838256316
特征,你好，麻烦问一下盗掘古文化遗址、古墓葬罪的要件有哪些,0.838882755
其它,"判处拘役能保外就医吗,有哪些规定",0.839343899
量刑标准,故意传播虚假恐怖信息罪量刑处罚?,0.839473607
其它,撤销假释的情况有哪些,0.839752077
量刑标准,"做假烟判多少年,法律是如何规定的",0.839845152
法律条文,请教一下单位受贿罪有哪些刑法条文,0.840314651
其它,集资诈骗网上如何登记,0.840359001
量刑标准,请教一下武器装备肇事罪的处罚标准是什么,0.841487513
其它,缓刑期间可以去旅游吗,0.841607276
特征,请教一下医疗事故罪有哪些特征,0.842402095
特征,"寻衅滋事犯罪构成,法律怎么规定的",0.842619972
特征,"单位走私如何认定,法律怎么规定的",0.842683794
其它,批捕期间住的是监狱吗,0.842897714
量刑标准,"爆炸罪怎么判刑?,法律怎么规定的",0.843332966
特征,冒昧问一下资助危害国家安全犯罪活动罪的要件有哪些,0.843502183
其它,帮我写一份强奸起诉书,0.843719544
量刑标准,非法采集血液事故罪既遂量刑规定?,0.844439469
其它,减刑算不算五年内累犯,0.845068449
其它,您好，我问一下团伙犯罪该如何量刑,0.845515089
量刑标准,虚假诉讼罪既遂法院一般怎么判刑?,0.845581599
量刑标准,偷窃罪判刑标准细分?,0.846123588
特征,非法吸收公众存款罪如何认定,0.84660101
其它,"请问八十二条之规定,刑事拘留多久",0.846660018
概念,解释一下走私核材料罪是什么意思？,0.846957914
量刑标准,买卖国家机关公文罪既遂怎么判刑?,0.848136881
法律条文,骗取贷款罪的立案标准是怎么样的?,0.848390289
量刑标准,您好伪造、变造金融票证罪怎么判刑,0.848923329
概念,请问解释一下强奸罪解释,0.849463921
量刑标准,"参与诈骗怎么判刑,具体规定有哪些",0.850260589
量刑标准,使用假币罪如何量刑?,0.850295137
其它,无证驾驶醉驾怎么处理,0.850939296
其它,无期徒刑能减刑多少年,0.851314561
法律条文,问一下遗弃罪有什么相关法律规定,0.851871387
特征,刑法资敌罪构成要件?,0.852429184
量刑标准,聚众斗殴没伤会判刑吗,0.85248363
其它,犯罪未遂的该怎样处罚,0.852610349
特征,非法制造发票罪需要哪些犯罪构成?,0.852925217
量刑标准,毒品案件如何进行量刑,0.852995883
量刑标准,走私国家明令禁止物品罪如何量刑?,0.85332965
其它,4万4千元起诉的流程和费用是多少,0.853500018
概念,请问如何理解破坏电力设备罪解释,0.854286729
量刑标准,"强奸罪具体要判刑多久,怎么规定的",0.854392082
特征,问一下窃取、收买、非法提供信用卡信息罪的要件是什么,0.854455477
概念,请问解释解释伪造、出售伪造的增值税专用发票罪的概念,0.855201011
量刑标准,请问盗伐林木罪的处罚是什么,0.85528354
法律条文,达到什么标准引诱卖淫罪才能立案?,0.856712664
量刑标准,犯盗窃罪会被判处几年,0.856751174
其它,参与故意伤害也犯罪吗,0.857302052
量刑标准,"偷盗罪怎样判刑,法律上有哪些规定",0.858362568
特征,冒昧问一下拒不救援友邻部队罪如何认定,0.858394755
量刑标准,交通肇事后逃逸致人死亡会怎么判刑,0.858923501
从属,您好煽动军人逃离部队罪的上级罪名是什么,0.858929922
量刑标准,为境外剌探情报罪既遂的定罪量刑?,0.859095688
量刑标准,酒驾酒精含量量刑标准,0.859307821
其它,"挪用公款是行为犯罪吗,有哪些规定",0.860123625
量刑标准,故意销毁会计账簿罪既遂判刑标准?,0.861197386
法律条文,非法买卖爆炸物罪既遂的刑事责任?,0.861341203
概念,你好能否介绍一下逃避追缴欠税罪的概念,0.861809134
法律条文,冒昧问一下非法出售用于骗取出口退税、抵扣税款发票罪的刑法条文是什么,0.862749318
其它,二审刑事判决抗诉期限是如何规定的,0.862825461
法律条文,滥伐林木罪刑事责任应该怎么承担?,0.862984389
其它,打架斗殴双方责任认定,0.864238193
量刑标准,擅自发行企业债券罪既遂如何处罚?,0.864497112
量刑标准,打扰问一下国有公司、企业、事业单位人员滥用职权罪怎么处罚,0.864607825
量刑标准,故意伤害罪投案自首的应当如何处罚,0.865402346
从属,冒昧问一下滥用职权罪的一级罪名是,0.865509248
量刑标准,隐匿财务会计报告罪既遂判刑规定?,0.865636608
其它,足浴店涉黄做收银被抓,0.86564394
量刑标准,商检徇私舞弊罪既遂怎么定罪处罚?,0.866087281
其它,未成年有案底可以开无犯罪证明吗？,0.866185729
其它,轻伤害可以取保候审吗,0.866330785
量刑标准,过失损坏广播电视设施罪处罚规定?,0.866552256
从属,请问组织卖淫罪属于什么犯罪类型,0.867999698
概念,请问能否告知滥用管理公司、证券职权罪的概念,0.868162479
特征,您好聚众冲击国家机关罪的特征是什么,0.868275751
特征,冒昧问一下违规披露、不披露重要信息罪的要件是什么,0.868642393
量刑标准,"恐怖主义犯罪怎样处罚,怎么规定的",0.87001531
其它,就是我在晚上裸聊别骗,0.871121261
特征,出售国有资产罪构成要件具体规定?,0.871201943
从属,非法吸收公众存款罪属于什么罪,0.871446906
量刑标准,盗掘古墓罪的最新处罚标准是什么?,0.872093582
其它,我网赌银行卡被冻结了,0.872523277
法律条文,请教一下故意泄露国家秘密罪的法律依据是什么,0.872606191
量刑标准,最新刑法战时临阵脱逃罪量刑标准?,0.872917552
量刑标准,您好销售侵权复制品罪的量刑是什么,0.873133564
其它,两年前被强奸没有证据,0.873890779
量刑标准,虚假诉讼罪处罚规定?,0.874408822
法律条文,请教一下盗掘古人类化石、古脊椎动物化石罪的法律条文是什么,0.875164832
量刑标准,"非法采矿怎样定罪,法律怎么规定的",0.875202217
量刑标准,非法运输爆炸物罪既遂法院如何判?,0.875571702
其它,在担保公司上班违法吗,0.876541499
其它,非法拘禁罪能不能撤案,0.876895616
量刑标准,刑事伪造公司债券罪怎么量刑处罚?,0.877409488
概念,我咨询共同危险驾驶罪,0.877452773
法律条文,盗窃、抢夺武器装备、军用物资罪对应的刑法条文有哪些,0.87755199
其它,卖假烟不满一万什么罪,0.877946626
概念,能否告知侮辱国旗、国徽罪有什么定义？,0.879848406
其它,"职务犯罪是过失犯罪吗,有哪些规定",0.879852086
概念,冒昧问一下可以介绍走私、贩卖、运输、制造毒品罪定义,0.880369443
量刑标准,"涉嫌非法营运怎样处罚,怎么规定的",0.881845382
量刑标准,最新刑法重大责任事故罪量刑标准?,0.882227439
其它,父亲杀人会影响几代人,0.88334616
特征,销售伪劣兽药罪的构成特征有哪些?,0.883395183
法律条文,请问诱骗投资者买卖证券、期货合约罪的法律条文是什么,0.883551151
其它,过失犯罪会影响政审吗,0.884017523
法律条文,放火罪既遂判刑规定?,0.884081103
量刑标准,铁路运营安全事故罪既遂判刑标准?,0.885242651
其它,未成年人犯罪的相关法律规定是哪些,0.887465422
量刑标准,构成执行裁定失职罪一般会怎么判?,0.887539338
特征,请问危险物品肇事罪的构成要件是什么,0.888697958
法律条文,传染病防治失职罪对应的刑法条文有哪些,0.889378316
量刑标准,盗窃罪一般累犯怎么判,0.890068242
其它,假想不犯罪构成过失吗,0.890564706
量刑标准,战时故意提供虚假敌情罪怎么量刑?,0.890942633
其它,持刀抢劫属于什么行为,0.891211612
特征,报复陷害罪的构成要件有哪些,0.891498523
其它,经济案件从犯如何处理,0.891914734
法律条文,危险驾驶罪包括吸毒吗,0.892057439
法律条文,"侵占罪在哪立案,法律的规定是什么",0.892238954
特征,打扰问一下非法占用农用地罪的四要件是什么,0.89278071
量刑标准,"窝藏罪怎么判?,法律上有哪些规定",0.893287803
其它,外国人在我国犯罪适用哪个国家法律,0.893322833
量刑标准,醉驾怎样处罚要判刑吗,0.893594364
其它,刑事案件移送法律依据,0.893814353
量刑标准,敲诈罪严重的判死刑吗,0.894080212
其它,检察院退侦容易取保吗,0.894411588
其它,盗窃罪和侵占罪的区别,0.894794681
量刑标准,您好，我问一下诈骗两万元会判几年,0.896486592
法律条文,故意伤害罪的立案标准是怎么样的?,0.89788308
法律条文,醉酒标准是怎么判定的,0.897980986
法律条文,抢夺枪支罪既遂的刑事责任是什么?,0.899411323
量刑标准,爆炸罪最多判多少年?,0.899417492
其它,判了刑的人能当队长吗,0.900334202
量刑标准,请问非法收购运输加工出售国家重点保护植物及其制品罪的刑期是多久,0.900507486
其它,犯罪既遂要一定数额吗,0.900744626
量刑标准,承兑汇票诈骗如何判刑,0.901698301
法律条文,非法使用窃听专用器材罪立案标准?,0.902330115
量刑标准,故意毁坏财物如何定罪,0.902469284
量刑标准,非法生产警用装备罪既遂处罚标准?,0.903287811
量刑标准,故意杀人自首怎么量刑,0.905041263
法律条文,2023最新传销罪立案标准是什么,0.906116117
其它,滥用监护权有哪些行为,0.906654067
量刑标准,未满16岁不知情况下抢劫罪怎么判,0.90844921
量刑标准,挪用公款如何定罪处罚,0.908487617
量刑标准,新刑法侵犯公民个人信息罪怎么判?,0.908888445
量刑标准,电信诈骗2万元判几年,0.90918006
特征,您好非法行医罪的要件是什么,0.909606326
特征,冒昧问一下非法占用农用地罪的要件有哪些,0.909831262
概念,可以介绍劫持船只、汽车罪介绍,0.910737656
量刑标准,犯了违法运用资金罪怎么量刑处罚?,0.910942074
其它,死刑复核结果如何进行,0.912236832
法律条文,冒昧问一下非法携带武器、管制刀具、爆炸物参加集会、游行、示威罪有哪些法条,0.912309067
其它,缓刑犯能够构成累犯吗,0.912418075
概念,你好，麻烦问一下解释一下危险驾驶罪定义的意思,0.912706732
量刑标准,销售假药罪的最新量刑标准是什么?,0.91353534
量刑标准,非法走私制毒物品罪法院会判多久?,0.913575926
法律条文,聚众斗殴罪的认定界限,0.913715553
概念,阻碍军事行动罪介绍,0.914602898
量刑标准,"抢夺罪判多少年,法律是如何规定的",0.914966797
法律条文,受贿罪的相关法律规定是什么,0.915525804
法律条文,故意伤害罪立案标准？,0.915574887
量刑标准,构成欺骗他人吸毒罪既遂怎么量刑?,0.915795252
特征,你好，麻烦问一下生产、销售不符合标准的医用器材罪的要件是什么,0.91719961
特征,你好，我想问一下虐待罪要怎么认定,0.917536642
法律条文,操纵证券、期货市场罪对应的法律规定有哪些,0.918221396
量刑标准,交通肇事罪的最高量刑标准是怎样的,0.918454736
从属,问一下非法携带枪支弹药管制刀具、危险物品危及公共安全罪属于哪类罪名,0.918494998
法律条文,擅自进口固体废物罪有什么相关法律规定,0.91857064
其它,醉驾检察院不起诉条件,0.918741374
量刑标准,骗取票据承兑罪既遂具体量刑标准?,0.918762064
其它,您好咨询一下诈骗亲戚的属于诈骗吗,0.91881617
量刑标准,电信诈骗处罚如何处罚,0.919650032
其它,经侦证据不足能立案吗,0.919678326
量刑标准,侵犯公民个人信息罪具体量刑标准?,0.919935686
量刑标准,"贩毒初犯怎么判,具体的规定是什么",0.920200972
量刑标准,中国新刑法破坏交通设施罪判几年?,0.921250602
量刑标准,非法买卖弹药罪既遂怎么处罚量刑?,0.921264701
其它,组织卖淫罪可以轻判吗,0.921591771
量刑标准,"故意伤害罪重伤判几年,有哪些规定",0.921634612
法律条文,请问一下网络诈骗罪立案标准是什么,0.922474883
法律条文,"精神病人犯罪如何处理,有哪些规定",0.922613505
量刑标准,股票诈骗罪量刑指南?,0.923330226
特征,冒昧问一下拐骗儿童罪的要件是什么,0.923383898
其它,刑拘是不是等着判刑了,0.92398786
特征,哪些要素会构成生产并销售劣药罪?,0.924071643
量刑标准,"涉嫌非法营运怎么处罚,怎么规定的",0.924352914
其它,"刑事记录怎么查,法律的规定是什么",0.92452095
概念,怎样解释侵犯少数民族风俗习惯罪有什么定义？,0.924821755
量刑标准,非法转让武器装备罪量刑标准细分?,0.925084669
量刑标准,操纵期货市场罪既遂怎么处罚量刑?,0.927892549
其它,"网络犯罪的行为有哪些,怎么规定的",0.928017979
其它,被诈骗600能追回吗,0.928294885
其它,缓刑结束之后自由了吗,0.928693819
其它,检察院受理抗诉案条件,0.929866473
其它,开车把人撞成重伤构成交通肇事罪吗,0.930173444
法律条文,妨害公务罪能不能调解,0.930987279
其它,坐牢表现好可以减刑吗,0.932011878
法律条文,盗掘古墓罪刑事责任应该怎么承担?,0.932322535
从属,请教一下虐待被监管人罪是哪种犯罪类型,0.93237651
特征,问一下非法出卖、转让武器装备罪的构成要件有哪些,0.93256973
量刑标准,一般容留卖淫罪既遂是怎么判刑的?,0.934195274
量刑标准,毁坏他人名誉罪判几年,0.934275411
法律条文,辩护人伪造证据罪立案标准是什么?,0.934428591
其它,请问一下关于团伙作案如何个人量刑,0.934485996
量刑标准,失职造成珍贵文物流失罪量刑幅度?,0.935575096
量刑标准,盗窃国家机关印章罪既遂判刑标准?,0.936314903
其它,累犯要被加重处罚吗？,0.936726283
量刑标准,"放火罪判几年?,法律的规定是什么",0.936856242
法律条文,构成掩饰犯罪所得罪会怎样追究责任,0.937417586
量刑标准,构成非法获取公民信息罪怎么处罚?,0.937927062
其它,请律师取保候审多少钱,0.938849874
法律条文,构成入室盗窃罪既遂会怎样追究责任,0.938903926
概念,侵占公司资产是欺诈吗,0.939000612
量刑标准,构成抽逃出资罪既遂法院会怎样量刑,0.939279701
法律条文,冒昧问一下销售假冒注册商标的商品罪对应的法律条文有哪些,0.939569449
量刑标准,妨害公务罪量刑标准是如何规定的?,0.939940899
量刑标准,非法运输危险物质罪既遂如何量刑?,0.94030967
量刑标准,无证驾驶加醉驾怎么处罚的法律规定,0.940717649
特征,你好，麻烦问一下背叛国家罪有哪些特征,0.941004608
其它,犯诈骗罪辩护词如何写,0.941185774
量刑标准,"刑事肇事逃逸怎么处罚,怎么规定的",0.941258308
法律条文,股东侵占企业财产罪立案标准是什么,0.942417196
量刑标准,诱骗投资者买卖证券罪既遂怎样量刑,0.942711485
其它,刑事犯罪一般多久开庭,0.94274024
特征,你好非法狩猎罪有什么特征,0.943092212
量刑标准,你好，问一下诈骗洗钱案判刑多少年,0.943543488
量刑标准,累犯诈骗十万元如何判,0.943690554
量刑标准,"引诱卖淫罪量刑指南?,怎么规定的",0.943874073
量刑标准,您好生产、销售不符合卫生标准的化妆品罪的处罚是什么,0.944201925
量刑标准,阻碍解救被绑架儿童罪既遂判多久?,0.944327466
量刑标准,您好抗税罪的量刑是什么,0.9447479
其它,吸收合并和注销的区别,0.947297519
量刑标准,信息披露违规罪既遂怎么处罚量刑?,0.948046797
其它,从犯可以分为什么情况,0.949453566
特征,"贩毒未遂的认定,法律上有哪些规定",0.949518693
其它,非法人组织是什么意思,0.949535393
量刑标准,构成非法出租枪支罪既遂怎么量刑?,0.950436091
量刑标准,不报或谎报安全事故罪最高可判几年,0.950720096
概念,解释一下受贿罪定义,0.950836284
其它,洒精含量43%咋处理,0.951950566
量刑标准,劫持航空器罪会受到什么样的处罚?,0.9520549
特征,您好投放危险物质罪的要件有哪些,0.952319202
其它,缓刑制度的概述是什么,0.952446296
概念,你好可以介绍违法运用资金罪介绍,0.953185008
量刑标准,肇事致人死亡怎么处罚,0.9532411
概念,走私普通货物罪是什么,0.953296984
量刑标准,隐瞒犯罪所得收益罪既遂量刑指南?,0.954561879
量刑标准,构成涉嫌生产销售劣药罪怎么判刑?,0.954757534
从属,请教一下破坏监管秩序罪的一级罪名是,0.955209901
特征,非法制造发票罪的构成特征有哪些?,0.955326591
概念,请教一下可以问一下战时拒绝、逃避服役罪解释,0.955366108
量刑标准,欺诈发行股票、债券罪既遂的量刑?,0.956667615
其它,拘留期间可以探视吗？,0.957091154
法律条文,你好请问抽逃出资罪立案标准是什么,0.957413576
特征,重大责任事故罪的主体要件有哪些?,0.957499492
量刑标准,非法拘禁侮辱会判多久,0.957661522
法律条文,"故意伤害罪的司法解释,怎么规定的",0.95833951
量刑标准,构成隐瞒犯罪所得收益罪怎么判刑?,0.9592081
其它,交通肇事罪被判缓刑的条件都有哪些,0.959933476
其它,"自首必须符合什么条件,怎么规定的",0.960075035
量刑标准,一般销售劣药罪既遂是怎么处罚的?,0.960077512
概念,你好，麻烦问一下怎样解释过失损毁文物罪是啥意思,0.960404955
量刑标准,打扰问一下过失损毁文物罪判多长时间,0.960764908
量刑标准,刑事欺诈发行股票罪怎么量刑处罚?,0.960869471
特征,非法私藏弹药罪需要哪些构成要件?,0.961496347
量刑标准,生产伪劣化肥罪既遂判刑标准细分?,0.962063739
量刑标准,故意毁坏财物罪既遂具体量刑标准?,0.962267308
法律条文,辽宁挪用资金立案标准,0.963297815
其它,我网赌冲了200块钱,0.964013686
法律条文,请教一下滥用管理公司、证券职权罪的法律条文是什么,0.964061888
量刑标准,中国对非法储存枪支罪的处罚标准?,0.964389156
法律条文,哪些行为会触犯盗窃罪,0.964882354
量刑标准,"赌场放高利贷会判多久,怎么规定的",0.965307454
量刑标准,撞死人没逃逸判几年罪,0.965492978
法律条文,达到什么标准销售假药罪才能立案?,0.965774019
从属,您好非法出卖、转让武器装备罪的上级罪名是什么,0.965974061
量刑标准,禁止掉头的地方掉头怎么处罚。在吗,0.966009788
特征,问一下如何认定是否构成寻衅滋事罪,0.96650043
特征,请教一下骗购外汇罪怎么认定,0.966702873
量刑标准,叛逃罪判多久,0.966834704
其它,虚拟财产受侵犯怎么办,0.96728539
量刑标准,刑法对集体传销活动罪的定罪标准?,0.967475406
量刑标准,故意杀人致死怎么判刑,0.96747937
其它,监外执行需要注意什么,0.967903585
量刑标准,妨害动物检疫罪既遂法院会判多久?,0.967973639
量刑标准,"第一次偷盗罪怎样处置,有哪些规定",0.968870676
量刑标准,有价证券诈骗罪既遂判刑最新规定?,0.969543792
量刑标准,犯了变造股票债券罪既遂怎么处罚?,0.969566905
特征,聚众斗殴行为的构成要件具体是什么,0.970786071
法律条文,合同诈骗罪形式有哪些,0.970987956
特征,根据我国法律的规定怎样才能构成贩毒罪,0.971056914
法律条文,西安职务侵占立案标准,0.971143492
概念,请教一下可以介绍非法获取军事秘密罪是啥意思,0.971870913
其它,就是我被骗了一千块钱,0.972838431
法律条文,上海非法集资立案标准,0.973061224
从属,拐卖妇女、儿童罪属于哪类罪名,0.973505662
量刑标准,伪造金融机构批准文件罪怎么判刑?,0.97362098
其它,网络犯罪的行为有哪些,0.97455615
量刑标准,醉驾的处理方式及规则,0.97464534
量刑标准,走私武器、弹药罪既遂最少判几年?,0.974690553
量刑标准,过失提供不合格武器装备罪的处罚?,0.975586182
特征,强令违章冒险作业罪具体构成要件?,0.97570133
量刑标准,行贿罪既遂判刑标准是如何规定的?,0.976130518
其它,银行卡被锁了，怎么办,0.976178361
量刑标准,擅自发行公司债券罪量刑标准细分?,0.976345344
量刑标准,"走私武装弹药怎么判刑,怎么规定的",0.976514934
特征,问一下故意泄露国家秘密罪的构成要件有哪些,0.976568372
量刑标准,打扰问一下假冒注册商标罪怎么处罚,0.977217852
从属,违规披露、不披露重要信息罪是哪个类别的罪名,0.977292476
量刑标准,醉驾处罚标准是怎样的,0.980693151
其它,我想咨询一下非法所得的钱怎么认定,0.981215684
量刑标准,我想了解一下洗钱罪量刑标准的规定,0.981460463
量刑标准,"破坏界碑罪会怎么处罚,怎么规定的",0.981586848
其它,刑事案件律师先收费吗,0.983246075
法律条文,合同诈骗多少金额立案,0.983708307
特征,盗窃国家机关证件罪具体构成要件?,0.983889417
量刑标准,你好资助恐怖活动罪判多久,0.984016409
量刑标准,国有企业人员失职罪既遂怎么判刑?,0.984856686
其它,人身受到威胁能立案吗,0.985039356
其它,"劝同案犯自首算立功吗,有哪些规定",0.985760564
量刑标准,打扰问一下传授犯罪方法罪的量刑是什么,0.986105457
量刑标准,销售侵权复制品罪一般要怎么判刑?,0.986744682
法律条文,诈骗2700元判刑吗,0.986810683
概念,打扰问一下如何理解破坏永久性测量标志罪是啥意思,0.986958385
量刑标准,伪造、变造金融票证罪一般判几年?,0.987001211
量刑标准,"多人共同盗窃怎么量刑,有哪些规定",0.987359709
特征,故意延误投递邮件罪的特征是什么,0.988084208
特征,问一下盗窃、抢夺、毁灭国家机关公文、证件、印章罪有哪些特征,0.98811868
概念,解释解释组织、利用会道门、邪教组织、利用迷信破坏法律实施罪是啥？,0.989071239
法律条文,中国刑法生产有害食品罪怎么立案?,0.989604379
其它,强制戒毒两年能保释吗,0.991692756
其它,判刑刑期什么时候算起,0.99290154
法律条文,经济被骗罪的立案标准,0.993099474
特征,走私贵重金属罪具体构成要件是什么,0.993123844
量刑标准,法院对持有假币罪既遂的裁量标准?,0.993533251
特征,怎么样构成为境外非法提供情报罪?,0.995261856
量刑标准,"职务侵占罪怎么量刑?,怎么规定的",0.995673974
其它,刑事责任能力如何鉴定,0.995880097
量刑标准,行贿罪判刑标准细分?,0.996010486
量刑标准,走私稀有珍贵动物罪既遂量刑幅度?,0.996166144
量刑标准,串通投标罪要判多少年,0.99657038
特征,冒昧问一下侮辱罪的构成要件是什么,0.996710969
特征,请问逃汇罪的构成要件是什么,0.997306184
法律条文,贪污罪立案标准是什么,0.99744193
其它,主犯从犯是同时上庭吗,0.997602277
其它,怎样可以暂予监外执行,0.99893584
